Nom du Tableau,Artiste,Style,Siècle
Terrasse de café de nuit de Vincent van Gogh,Vincent Van Gogh,Post-impressionnisme,XIXe siècle
La nuit étoilée de Vincent van Gogh,Vincent Van Gogh,Post-impressionnisme,XIXe siècle
Le baiser de Gustav Klimt,Gustav Klimt,Symbolisme,XXe siècle
Le Voyageur contemplant un... de Caspar David Friedrich,Caspar David Friedrich,Romantisme,XIXe siècle
Chemin dans les blés à Pou... de Claude Monet,Claude Monet,Impressionnisme,XIXe siècle
La dame à l'éventail de Gustav Klimt,Gustav Klimt,Symbolisme,XXe siècle
La Jeune Fille à la Perle de Johannes ou Jan  Vermeer de Delft,Delft,,
Amandier en fleurs de Vincent van Gogh,Vincent Van Gogh,Post-impressionnisme,XIXe siècle
Jeune fille à la perle (ve... de Johannes ou Jan  Vermeer de Delft,Delft,,
Nuit étoilée sur le Rhône de Vincent van Gogh,Vincent Van Gogh,Post-impressionnisme,XIXe siècle
Détail du baiser de Gustav Klimt,Gustav Klimt,Symbolisme,XXe siècle
Les coquelicots à Argenteu... de Claude Monet,Claude Monet,Impressionnisme,XIXe siècle
"Impression, soleil levant de Claude Monet",Claude Monet,Impressionnisme,XIXe siècle
La pie - version couleurs ... de Claude Monet,Claude Monet,Impressionnisme,XIXe siècle
Femme assise avec la jambe... de Egon Schiele,Egon Schiele,Expressionnisme,XXe siècle
Avenue de Giverny de Claude Monet,Claude Monet,Impressionnisme,XIXe siècle
Le déjeuner des canotiers de Pierre-Auguste Renoir,Pierre-auguste Renoir,Impressionnisme,XIXe siècle
Le portrait d'Adele Bloch-... de Gustav Klimt,Gustav Klimt,Symbolisme,XXe siècle
Coucher de soleil sur le l... de William Turner,William Turner,Romantisme,XIXe siècle
Le rat de bibliothèque de Carl Spitzweg,Carl Spitzweg,,
le champ de coquelicots de Claude Monet,Claude Monet,Impressionnisme,XIXe siècle
Les trois âges de la femme... de Gustav Klimt,Gustav Klimt,Symbolisme,XXe siècle
Jardin aux tournesols de Gustav Klimt,Gustav Klimt,Symbolisme,XXe siècle
Mona Lisa (la Joconde) de Léonard de Vinci,Vinci,,
"L'arbre de vie, section ce... de Gustav Klimt",Gustav Klimt,Symbolisme,XXe siècle
Les tournesols de Vincent van Gogh,Vincent Van Gogh,Post-impressionnisme,XIXe siècle
La belle chocolatière de Jean-Étienne Liotard,Jean-étienne Liotard,,
La grande vague de Kanagaw... de Katsushika Hokusai,Katsushika Hokusai,,
Étang de nénuphars II de Claude Monet,Claude Monet,Impressionnisme,XIXe siècle
Malcesine sur le lac de Ga... de Gustav Klimt,Gustav Klimt,Symbolisme,XXe siècle
Le pommier de Gustav Klimt,Gustav Klimt,Symbolisme,XXe siècle
La Naissance de Venus de Sandro Botticelli,Sandro Botticelli,Renaissance,XVe siècle
Le pinson du chardon de Carel Fabritius,Carel Fabritius,,
Un jeune lièvre des champs de Albrecht Dürer,Albrecht Dürer,Renaissance,XVe-XVIe siècle
La grande touffe d'herbes de Albrecht Dürer,Albrecht Dürer,Renaissance,XVe-XVIe siècle
Le dernier voyage du Témér... de William Turner,William Turner,Romantisme,XIXe siècle
Champs au printemps de Claude Monet,Claude Monet,Impressionnisme,XIXe siècle
Moine au bord de mer (avan... de Caspar David Friedrich,Caspar David Friedrich,Romantisme,XIXe siècle
Après-midi d'été sur la pl... de Peter Severin Kroyer,Peter Severin Kroyer,,
La vague - de la série des... de Katsushika Hokusai,Katsushika Hokusai,,
Les nymphéas de Claude Monet,Claude Monet,Impressionnisme,XIXe siècle
Restaurant Jacob à Nienste... de Max Liebermann,Max Liebermann,,
Jardin de cottage de Gustav Klimt,Gustav Klimt,Symbolisme,XXe siècle
Femme à la veste verte de August Macke,August Macke,,
Pont japonais dans le jard... de Claude Monet,Claude Monet,Impressionnisme,XIXe siècle
Chemins principaux et seco... de Paul Klee,Paul Klee,Abstraction,XXe siècle
Le pauvre poête de Carl Spitzweg,Carl Spitzweg,,
cheval bleu I de Franz Marc,Franz Marc,Expressionnisme,XXe siècle
Le Retour du Fils Prodige de Rembrandt Harmenszoon van Rijn,Rembrandt Harmenszoon Van Rijn,,
Dame avec l'hermine (Cecel... de Léonard de Vinci,Vinci,,
Coucher de soleil de William Turner,William Turner,Romantisme,XIXe siècle
La femme au parasol (Susan... de Claude Monet,Claude Monet,Impressionnisme,XIXe siècle
Forêt de bouleaux de Gustav Klimt,Gustav Klimt,Symbolisme,XXe siècle
L'École d'Athènes (restaur... de Raffaello Sanzio,Raffaello Sanzio,,
"L'arbre de vie, partie cen... de Gustav Klimt",Gustav Klimt,Symbolisme,XXe siècle
Les iris de Vincent van Gogh,Vincent Van Gogh,Post-impressionnisme,XIXe siècle
Etude d'une tête de femme de Léonard de Vinci,Vinci,,
L'Origine du Monde de Gustave Courbet,Gustave Courbet,Réalisme,XIXe siècle
Crâne d'homme avec cigaret... de Vincent van Gogh,Vincent Van Gogh,Post-impressionnisme,XIXe siècle
Falaises de craie sur l'îl... de Caspar David Friedrich,Caspar David Friedrich,Romantisme,XIXe siècle
Lac de Lucerne de William Turner,William Turner,Romantisme,XIXe siècle
Clair de lune de Alphonse Mucha,Alphonse Mucha,Art Nouveau,XIXe-XXe siècle
Le paradis de Maurice Denis,Maurice Denis,,
La tour des chevaux bleus de Franz Marc,Franz Marc,Expressionnisme,XXe siècle
l'escalier de Claude Monet,Claude Monet,Impressionnisme,XIXe siècle
Le rêve de Henri Julien-Félix Rousseau,Henri Julien-félix Rousseau,,
Le soir de Caspar David Friedrich,Caspar David Friedrich,Romantisme,XIXe siècle
Le tigre de Franz Marc,Franz Marc,Expressionnisme,XXe siècle
Les étapes de vie de Caspar David Friedrich,Caspar David Friedrich,Romantisme,XIXe siècle
Dame en tenue jaune de Max Kurzweil,Max Kurzweil,,
Nu de Amadeo Modigliani,Amadeo Modigliani,,
Dame dans le jardin de Claude Monet,Claude Monet,Impressionnisme,XIXe siècle
Jeune fille lisant de Jean Honoré Fragonard,Jean Honoré Fragonard,,
La guérite à la lumière du... de Claude Monet,Claude Monet,Impressionnisme,XIXe siècle
Le Buddha. de Odilon Redon,Odilon Redon,Symbolisme,XIXe-XXe siècle
Allée ensoleillée de August Macke,August Macke,,
Oliveraie dans le jardin M... de Claude Monet,Claude Monet,Impressionnisme,XIXe siècle
Les saules au soleil couch... de Vincent van Gogh,Vincent Van Gogh,Post-impressionnisme,XIXe siècle
Sainte Trinité de Andrej Rublev,Andrej Rublev,,
Le cri de Edvard Munch,Edvard Munch,Expressionnisme,XIXe-XXe siècle
La mer à Saintes-Maries de... de Vincent van Gogh,Vincent Van Gogh,Post-impressionnisme,XIXe siècle
Heures du jour : Repos noc... de Alphonse Mucha,Alphonse Mucha,Art Nouveau,XIXe-XXe siècle
iris fleurissant dans le j... de Claude Monet,Claude Monet,Impressionnisme,XIXe siècle
"La Moisson à La Crau, avec... de Vincent van Gogh",Vincent Van Gogh,Post-impressionnisme,XIXe siècle
Les amies de Gustav Klimt,Gustav Klimt,Symbolisme,XXe siècle
Femme avec ombrelle devant... de August Macke,August Macke,,
Grand vase avec fleurs de Pierre-Auguste Renoir,Pierre-auguste Renoir,Impressionnisme,XIXe siècle
Lecture près de la fenêtre... de Charles James Lewis,Charles James Lewis,,
Pêchers en fleur de Vincent van Gogh,Vincent Van Gogh,Post-impressionnisme,XIXe siècle
Grands chevaux bleus de Franz Marc,Franz Marc,Expressionnisme,XXe siècle
Ligne Ondulée de Vassily Kandinsky,Vassily Kandinsky,,
Quatre arbres de Egon Schiele,Egon Schiele,Expressionnisme,XXe siècle
Fleurs et fruits de Jan Frans van Dael,Jan Frans Van Dael,,
Eglise à Cassone de Gustav Klimt,Gustav Klimt,Symbolisme,XXe siècle
Les saisons : Le printemps de Alphonse Mucha,Alphonse Mucha,Art Nouveau,XIXe-XXe siècle
La liberté guidant le peuple,La Liberté Guidant Le Peuple,,
Dans le jardin de Montgero... de Claude Monet,Claude Monet,Impressionnisme,XIXe siècle
Chevaux rouges de Franz Marc,Franz Marc,Expressionnisme,XXe siècle
L'intérieur de la maison d... de Carl Eduard Ferdinand Blechen,Carl Eduard Ferdinand Blechen,,
Les sirènes et les nymphes de John William Waterhouse,John William Waterhouse,,
Champs de coquelicots de Gustav Klimt,Gustav Klimt,Symbolisme,XXe siècle
café turc II de August Macke,August Macke,,
Voilier en réparation de Joaquin Sorolla,Joaquin Sorolla,,
La baie à l'Estaque de Paul Cézanne,Paul Cézanne,Post-impressionnisme,XIXe siècle
Amandier en fleurs (copie) de Vincent van Gogh,Vincent Van Gogh,Post-impressionnisme,XIXe siècle
Avec la veste jaune de August Macke,August Macke,,
Le jardin de l'artiste à V... de Claude Monet,Claude Monet,Impressionnisme,XIXe siècle
"Harmonie ancienne, 1925 (n... de Paul Klee",Paul Klee,Abstraction,XXe siècle
L'étreinte (couple d'amour... de Egon Schiele,Egon Schiele,Expressionnisme,XXe siècle
l'oscillation de Jean Honoré Fragonard,Jean Honoré Fragonard,,
La petite rue de Johannes ou Jan  Vermeer de Delft,Delft,,
Le bassin aux nympheas - h... de Claude Monet,Claude Monet,Impressionnisme,XIXe siècle
Oliveraie de Vincent van Gogh,Vincent Van Gogh,Post-impressionnisme,XIXe siècle
Paysage champêtre au lever... de Caspar David Friedrich,Caspar David Friedrich,Romantisme,XIXe siècle
Ancolie de Albrecht Dürer,Albrecht Dürer,Renaissance,XVe-XVIe siècle
Les chérubins - Détail de ... de Raffaello Sanzio,Raffaello Sanzio,,
"Nénuphars, reflets vers (p... de Claude Monet",Claude Monet,Impressionnisme,XIXe siècle
Illustration de la Divine ... de Sandro Botticelli,Sandro Botticelli,Renaissance,XVe siècle
Deux chevaux bleus de Franz Marc,Franz Marc,Expressionnisme,XXe siècle
Hygenia de Gustav Klimt,Gustav Klimt,Symbolisme,XXe siècle
Dame avec le chapeau et le... de Gustav Klimt,Gustav Klimt,Symbolisme,XXe siècle
La danseuse de Gustav Klimt,Gustav Klimt,Symbolisme,XXe siècle
Les glaneuses de Jean-François Millet,Jean-françois Millet,,
Vue du port de Caspar David Friedrich,Caspar David Friedrich,Romantisme,XIXe siècle
cerf dans la forêt (II) de Franz Marc,Franz Marc,Expressionnisme,XXe siècle
l'ami des cactus de Carl Spitzweg,Carl Spitzweg,,
La chute d'enfer des maudi... de Peter Paul Rubens,Peter Paul Rubens,Baroque,XVIIe siècle
Nymphéas : Matin de Claude Monet,Claude Monet,Impressionnisme,XIXe siècle
Oliviers sous le soleil de Vincent van Gogh,Vincent Van Gogh,Post-impressionnisme,XIXe siècle
Équitation en couple de Vassily Kandinsky,Vassily Kandinsky,,
Les chevaux de Neptune de Walter Crane,Walter Crane,,
l'attente de Gustav Klimt,Gustav Klimt,Symbolisme,XXe siècle
"La pie, version couleurs c... de Claude Monet",Claude Monet,Impressionnisme,XIXe siècle
La vache jaune de Franz Marc,Franz Marc,Expressionnisme,XXe siècle
Le dernier homme de Bohrdt Hans,Bohrdt Hans,,
Falaises et Voiliers à Pou... de Claude Monet,Claude Monet,Impressionnisme,XIXe siècle
falaise de craie à Ruegen de Caspar David Friedrich,Caspar David Friedrich,Romantisme,XIXe siècle
Escalier de lune à la mer de Caspar David Friedrich,Caspar David Friedrich,Romantisme,XIXe siècle
Paysage d'hiver de Pieter Brueghel le Jeune,Pieter Brueghel Le Jeune,,
Saisons : l'automne. de Alphonse Mucha,Alphonse Mucha,Art Nouveau,XIXe-XXe siècle
Quatre arts : La dance. de Alphonse Mucha,Alphonse Mucha,Art Nouveau,XIXe-XXe siècle
Le baiser de Francesco Hayez,Francesco Hayez,,
Morceau de mer avec un cla... de Caspar David Friedrich,Caspar David Friedrich,Romantisme,XIXe siècle
Sur le voilier de Caspar David Friedrich,Caspar David Friedrich,Romantisme,XIXe siècle
"Rapallo, bateaux de Vassily Kandinsky",Vassily Kandinsky,,
Le portrait d'Emilie Floeg... de Gustav Klimt,Gustav Klimt,Symbolisme,XXe siècle
Formes  combattantes de Franz Marc,Franz Marc,Expressionnisme,XXe siècle
Saint Jean Baptiste de Léonard de Vinci,Vinci,,
Le semeur au soleil coucha... de Vincent van Gogh,Vincent Van Gogh,Post-impressionnisme,XIXe siècle
L'homme au casque d'or de Rembrandt Harmenszoon van Rijn,Rembrandt Harmenszoon Van Rijn,,
Les vignes rouges d'Arles de Vincent van Gogh,Vincent Van Gogh,Post-impressionnisme,XIXe siècle
Étang de rose de mer. de Claude Monet,Claude Monet,Impressionnisme,XIXe siècle
Deux femmes tahitiennes de Paul Gauguin,Paul Gauguin,Post-impressionnisme,XIXe siècle
Napoléon franchissant les ... de Jacques Louis David,Jacques Louis David,,
Biergarten munichois 1883/... de Max Liebermann,Max Liebermann,,
Nuit d'été au bord de la m... de Edvard Munch,Edvard Munch,Expressionnisme,XIXe-XXe siècle
Juin flamboyant de Frederic Leighton,Frederic Leighton,,
Femme avec coquelicots de Edvard Munch,Edvard Munch,Expressionnisme,XIXe-XXe siècle
barrière de jardin de August Macke,August Macke,,
Enfants dans la mer de Joaquin Sorolla,Joaquin Sorolla,,
Portrait de Ludwig van Bee... de Joseph Karl Stieler,Joseph Karl Stieler,,
Vue à Rouelles de Claude Monet,Claude Monet,Impressionnisme,XIXe siècle
Les Cosaques écrivant une ... de Ilja Efimowitsch Repin,Ilja Efimowitsch Repin,,
Montagne Sainte-Victoire de Paul Cézanne,Paul Cézanne,Post-impressionnisme,XIXe siècle
La Frise Stoclet (détail) de Gustav Klimt,Gustav Klimt,Symbolisme,XXe siècle
"Les bateaux rouges, Argent... de Claude Monet",Claude Monet,Impressionnisme,XIXe siècle
Quatre arts : La musique. de Alphonse Mucha,Alphonse Mucha,Art Nouveau,XIXe-XXe siècle
Le jardin de l'artiste dan... de Max Liebermann,Max Liebermann,,
coupler rouge et blanc de Paul Klee,Paul Klee,Abstraction,XXe siècle
fresque d'ânes de Franz Marc,Franz Marc,Expressionnisme,XXe siècle
Le pandemonium de John Martin,John Martin,,
Les trois âges de la femme de Gustav Klimt,Gustav Klimt,Symbolisme,XXe siècle
"Robin, extrait de The Farn... de William Turner",William Turner,Romantisme,XIXe siècle
Tempête de neige sur la me... de William Turner,William Turner,Romantisme,XIXe siècle
Rêverie du soir de Alphonse Mucha,Alphonse Mucha,Art Nouveau,XIXe-XXe siècle
Tige fleurie d'amandier de Vincent van Gogh,Vincent Van Gogh,Post-impressionnisme,XIXe siècle
Noirs renard. de Franz Marc,Franz Marc,Expressionnisme,XXe siècle
Anémones dans un vase de Claude Monet,Claude Monet,Impressionnisme,XIXe siècle
La calèche de foin de John Constable,John Constable,Romantisme,XIXe siècle
L'astronome de Johannes ou Jan  Vermeer de Delft,Delft,,
Terrasse de la maison de c... de August Macke,August Macke,,
Fleurs dans le vase bleu de Vincent van Gogh,Vincent Van Gogh,Post-impressionnisme,XIXe siècle
Couple d'amoureux de Otto Mueller,Otto Mueller,,
Champ de blé avec des alou... de Vincent van Gogh,Vincent Van Gogh,Post-impressionnisme,XIXe siècle
Les petits éplucheurs de p... de Albert Anker,Albert Anker,,
Paysage à la mer de August Macke,August Macke,,
"L'Étoile, ou Danseuse sur ... de Edgar Degas",Edgar Degas,Impressionnisme,XIXe siècle
devant le théâtre de Vaude... de Jean Beraud,Jean Beraud,,
Saint Germain à Tunis de August Macke,August Macke,,
Image d'un petit sapin de Paul Klee,Paul Klee,Abstraction,XXe siècle
Le chemin montant de Gustave Caillebotte,Gustave Caillebotte,,
Nu avec des chaussettes ve... de Egon Schiele,Egon Schiele,Expressionnisme,XXe siècle
tête de femme de Gustav Klimt,Gustav Klimt,Symbolisme,XXe siècle
Personnes qui se rencontre... de August Macke,August Macke,,
Le mariage éternel de Carl Spitzweg,Carl Spitzweg,,
Arearea de Paul Gauguin,Paul Gauguin,Post-impressionnisme,XIXe siècle
Allégorie de la peinture de Johannes ou Jan  Vermeer de Delft,Delft,,
Le mariage paysan de Pieter Brueghel l'Ancien,Pieter Brueghel L'ancien,,
Promenade près d'Argenteui... de Claude Monet,Claude Monet,Impressionnisme,XIXe siècle
La grande enceinte de Caspar David Friedrich,Caspar David Friedrich,Romantisme,XIXe siècle
"Venise, vue de Fusina de William Turner",William Turner,Romantisme,XIXe siècle
Champs deTulipes de Claude Monet,Claude Monet,Impressionnisme,XIXe siècle
Paysage d'hiver avec l'égl... de Caspar David Friedrich,Caspar David Friedrich,Romantisme,XIXe siècle
Ecureuils de Albrecht Dürer,Albrecht Dürer,Renaissance,XVe-XVIe siècle
"Vue de Dresde, depuis Neus... de Bernardo Bellotto",Bernardo Bellotto,,
Le serpent d'eau de Gustav Klimt,Gustav Klimt,Symbolisme,XXe siècle
forêt de bouleaux en autom... de Gustav Klimt,Gustav Klimt,Symbolisme,XXe siècle
Femme aux yeux bleus de Amadeo Modigliani,Amadeo Modigliani,,
Le messager à Rosenthal de Carl Spitzweg,Carl Spitzweg,,
Prière de midi pendant la ... de Theodor Schüz,Theodor Schüz,,
Roses écartées de Pierre-Auguste Renoir,Pierre-auguste Renoir,Impressionnisme,XIXe siècle
Le jardin des délices de Jérôme Bosch,Jérôme Bosch,,
La maison jaune de Vincent van Gogh,Vincent Van Gogh,Post-impressionnisme,XIXe siècle
L'équilibriste de August Macke,August Macke,,
Dents du Midi depuis Chesi... de Ferdinand Hodler,Ferdinand Hodler,,
Couple à la table du jardi... de August Macke,August Macke,,
La dentellière de Johannes ou Jan  Vermeer de Delft,Delft,,
La montagne Sainte Victoir... de Paul Cézanne,Paul Cézanne,Post-impressionnisme,XIXe siècle
La Frise Beethoven de Gustav Klimt,Gustav Klimt,Symbolisme,XXe siècle
Port de Greifswald. de Caspar David Friedrich,Caspar David Friedrich,Romantisme,XIXe siècle
Frédéric le Grand à la bat... de Carl Röchling,Carl Röchling,,
Colonnade avec voilier I de August Macke,August Macke,,
Teckel endormi dans un fau... de Max Liebermann,Max Liebermann,,
L'annonce à Marie de Léonard de Vinci,Vinci,,
La Vie et la Mort de Gustav Klimt,Gustav Klimt,Symbolisme,XXe siècle
Portrait de Simonetta Vesp... de Sandro Botticelli,Sandro Botticelli,Renaissance,XVe siècle
Les îles d'Or (Les îles d'... de Henri-Edmond Cross,Henri-edmond Cross,,
"Nénuphars, Reflets verts, ... de Claude Monet",Claude Monet,Impressionnisme,XIXe siècle
Deux soeurs de Otto Mueller,Otto Mueller,,
Coucher de soleil à Margat... de William Turner,William Turner,Romantisme,XIXe siècle
"Pointe De Lailly, Marée Ba... de Claude Monet",Claude Monet,Impressionnisme,XIXe siècle
Champ de blé vert avec cyp... de Vincent van Gogh,Vincent Van Gogh,Post-impressionnisme,XIXe siècle
Le philosophe de Rembrandt Harmenszoon van Rijn,Rembrandt Harmenszoon Van Rijn,,
navires à voile avec un co... de Edward Moran,Edward Moran,,
Van Gogh / Autoportrait 18... de Vincent van Gogh,Vincent Van Gogh,Post-impressionnisme,XIXe siècle
"Nymphéas, Soir de Claude Monet",Claude Monet,Impressionnisme,XIXe siècle
portrait d'une jeune femme... de Petrus Christus,Petrus Christus,,
Le rêve de la femme du pêc... de Katsushika Hokusai,Katsushika Hokusai,,
Rue de tahiti (Chemin de P... de Paul Gauguin,Paul Gauguin,Post-impressionnisme,XIXe siècle
l'allée de bouleaux dans l... de Max Liebermann,Max Liebermann,,
Le bassin aux nymphéas. de Claude Monet,Claude Monet,Impressionnisme,XIXe siècle
Midi de Caspar David Friedrich,Caspar David Friedrich,Romantisme,XIXe siècle
"Jeune homme avec un panier... de Michelangelo Caravaggio, dit le Caravage","Michelangelo Caravaggio, Dit Le Caravage",,
Personnes mer bleue de August Macke,August Macke,,
pré de forêt de Hans Thoma,Hans Thoma,,
Route avec des cyprès de Vincent van Gogh,Vincent Van Gogh,Post-impressionnisme,XIXe siècle
la vision de Saint Hubertu... de Wilhelm Carl Räuber,Wilhelm Carl Räuber,,
Nature morte avec pivoine de Pierre-Auguste Renoir,Pierre-auguste Renoir,Impressionnisme,XIXe siècle
Vue sur L'Estaque et le Ch... de Paul Cézanne,Paul Cézanne,Post-impressionnisme,XIXe siècle
Fille blonde avec des chau... de Egon Schiele,Egon Schiele,Expressionnisme,XXe siècle
Papillons et pavots de Vincent van Gogh,Vincent Van Gogh,Post-impressionnisme,XIXe siècle
Femme agenouillée en robe ... de Egon Schiele,Egon Schiele,Expressionnisme,XXe siècle
Le Grand saint Michel de Raffaello Sanzio,Raffaello Sanzio,,
Young at heart de Katarina Holmström,Katarina Holmström,,
Fille lisant de Gustav Adolph Hennig,Gustav Adolph Hennig,,
La nuit sainte de Carlo Maratta,Carlo Maratta,,
Enfants de la mer de Jozef Israels,Jozef Israels,,
Les grands boulevards de Pierre-Auguste Renoir,Pierre-auguste Renoir,Impressionnisme,XIXe siècle
Jeux d'enfants de Pieter Brueghel l'Ancien,Pieter Brueghel L'ancien,,
chameaux dans le paysage d... de Paul Klee,Paul Klee,Abstraction,XXe siècle
Le verre de vin de Johannes ou Jan  Vermeer de Delft,Delft,,
Petit esprit de jardin de Paul Klee,Paul Klee,Abstraction,XXe siècle
Femme à la fenêtre de Caspar David Friedrich,Caspar David Friedrich,Romantisme,XIXe siècle
Autoportrait avec les main... de Egon Schiele,Egon Schiele,Expressionnisme,XXe siècle
Le mariage de Giovanni Arn... de Jan van Eyck,Jan Van Eyck,Renaissance,XVe siècle
"Les pavés de Chailly, forê... de Claude Monet",Claude Monet,Impressionnisme,XIXe siècle
Saturne dévore un de ses e... de Francisco José de Goya,Goya,,
Vue de Venise de Claude Monet,Claude Monet,Impressionnisme,XIXe siècle
Solitaire de Paul Klee,Paul Klee,Abstraction,XXe siècle
Sur la terrasse de Pierre-Auguste Renoir,Pierre-auguste Renoir,Impressionnisme,XIXe siècle
Collection d'oiseaux de Paul Klee,Paul Klee,Abstraction,XXe siècle
Le cri de Edvard Munch,Edvard Munch,Expressionnisme,XIXe-XXe siècle
Ophélie de Sir John Everett Millais,Sir John Everett Millais,,
Maison rouge. de Kasimir Severinovich Malewitsch,Kasimir Severinovich Malewitsch,,
"Petit cheval bleu, image d... de Franz Marc",Franz Marc,Expressionnisme,XXe siècle
La Naissance de Venus de Alexandre Cabanel,Alexandre Cabanel,,
La grande odalisque de Jean Auguste Dominique Ingres,Jean Auguste Dominique Ingres,,
"Le parlement de Londres, s... de Claude Monet",Claude Monet,Impressionnisme,XIXe siècle
le diable jongle de Paul Klee,Paul Klee,Abstraction,XXe siècle
Quatre filles de August Macke,August Macke,,
Davos en hiver de Ernst Ludwig Kirchner,Ernst Ludwig Kirchner,,
Garçon avec le chat de Paula Modersohn-Becker,Paula Modersohn-becker,,
Amalfi de Carl Aagaard,Carl Aagaard,,
Nature morte avec un verre... de Johann Wilhelm Preyer,Johann Wilhelm Preyer,,
Drum bridge et Setting Sun... de Ando oder Utagawa Hiroshige,Ando Oder Utagawa Hiroshige,,
le Watzmann de Caspar David Friedrich,Caspar David Friedrich,Romantisme,XIXe siècle
Mûrier de Vincent van Gogh,Vincent Van Gogh,Post-impressionnisme,XIXe siècle
iamge d'Hammamet. de Paul Klee,Paul Klee,Abstraction,XXe siècle
"Couple d'amoureux, Arles de Vincent van Gogh",Vincent Van Gogh,Post-impressionnisme,XIXe siècle
"Détail du tableau ""le prin... de Sandro Botticelli",Sandro Botticelli,Renaissance,XVe siècle
Vase de roses de Pierre-Auguste Renoir,Pierre-auguste Renoir,Impressionnisme,XIXe siècle
Fête d'artistes chez M. et... de Peter Severin Kroyer,Peter Severin Kroyer,,
Veillée de Noël de Viggo Johansen,Viggo Johansen,,
La Grenouillère de Pierre-Auguste Renoir,Pierre-auguste Renoir,Impressionnisme,XIXe siècle
Fruits sur rouge (ou : Le ... de Paul Klee,Paul Klee,Abstraction,XXe siècle
Le coucher de soleil de William Turner,William Turner,Romantisme,XIXe siècle
Miranda dans l'orage de John William Waterhouse,John William Waterhouse,,
Dante et Virgile en enfer de William Adolphe Bouguereau,William Adolphe Bouguereau,,
Prés à Greifswald de Caspar David Friedrich,Caspar David Friedrich,Romantisme,XIXe siècle
Les amis de jeunesse de Carl Spitzweg,Carl Spitzweg,,
Canards avec des poussins ... de Carl Jutz,Carl Jutz,,
Symphonie de chats de Moritz von Schwind,Moritz Von Schwind,,
devant les portes de Kairo... de Paul Klee,Paul Klee,Abstraction,XXe siècle
Deux femmes dans un embras... de Egon Schiele,Egon Schiele,Expressionnisme,XXe siècle
Les Wolgatreidler de Ilja Efimowitsch Repin,Ilja Efimowitsch Repin,,
Les Myosotis de Pierre Joseph Redouté,Pierre Joseph Redouté,,
L'entrée des élus au Parad... de Jérôme Bosch,Jérôme Bosch,,
"« Rubis », extrait du cycl... de Alphonse Mucha",Alphonse Mucha,Art Nouveau,XIXe-XXe siècle
Aile d'un oiseau de Albrecht Dürer,Albrecht Dürer,Renaissance,XVe-XVIe siècle
Étoiles : l'étoile de mati... de Alphonse Mucha,Alphonse Mucha,Art Nouveau,XIXe-XXe siècle
Le moulin verzauberte de Franz Marc,Franz Marc,Expressionnisme,XXe siècle
Dans les bois de Pierre-Auguste Renoir,Pierre-auguste Renoir,Impressionnisme,XIXe siècle
Proclamation du Kaiser à V... de Anton Alexander von Werner,Anton Alexander Von Werner,,
Les mangeurs de pommes de ... de Vincent van Gogh,Vincent Van Gogh,Post-impressionnisme,XIXe siècle
Route de Berlin en soirée ... de Lesser Ury,Lesser Ury,,
Femme au soleil du matin de Caspar David Friedrich,Caspar David Friedrich,Romantisme,XIXe siècle
"Extrait de ""La Tentation d... de Jérôme Bosch",Jérôme Bosch,,
Sérieux - amusant de Vassily Kandinsky,Vassily Kandinsky,,
la ronde des enfants de Hans Thoma,Hans Thoma,,
Forêt près d'Oele de Piet Mondrian,Piet Mondrian,Abstraction,XXe siècle
l'été (paysage avec un cou... de Caspar David Friedrich,Caspar David Friedrich,Romantisme,XIXe siècle
La chambre à coucher à Arl... de Vincent van Gogh,Vincent Van Gogh,Post-impressionnisme,XIXe siècle
Danseuses en bleu de Edgar Degas,Edgar Degas,Impressionnisme,XIXe siècle
magasin de chapeau de August Macke,August Macke,,
Une fois cela gris de la n... de Paul Klee,Paul Klee,Abstraction,XXe siècle
Le drill on de Franz Marc,Franz Marc,Expressionnisme,XXe siècle
Paysage d'hiver avec patin... de Pieter Brueghel l'Ancien,Pieter Brueghel L'ancien,,
Sissi l'Impératrice Elisab... de Franz Xaver Winterhalter,Franz Xaver Winterhalter,,
Montagne Sainte-Victoire de Paul Cézanne,Paul Cézanne,Post-impressionnisme,XIXe siècle
Le Bouddha de Odilon Redon,Odilon Redon,Symbolisme,XIXe-XXe siècle
Uttenwalder raison. de Caspar David Friedrich,Caspar David Friedrich,Romantisme,XIXe siècle
Didon faisant construire C... de William Turner,William Turner,Romantisme,XIXe siècle
Tapis de fleurs de August Macke,August Macke,,
café turc I de August Macke,August Macke,,
Paysage de forêt en hiver ... de Julius Sergius von Klever,Julius Sergius Von Klever,,
Quatre arts : La peinture. de Alphonse Mucha,Alphonse Mucha,Art Nouveau,XIXe-XXe siècle
l'île sur le lac Attersee de Gustav Klimt,Gustav Klimt,Symbolisme,XXe siècle
Deux danseurs se reposent de Edgar Degas,Edgar Degas,Impressionnisme,XIXe siècle
Wally dans la blouse rouge... de Egon Schiele,Egon Schiele,Expressionnisme,XXe siècle
le tournesol de Gustav Klimt,Gustav Klimt,Symbolisme,XXe siècle
Quatre arts : la péosie de Alphonse Mucha,Alphonse Mucha,Art Nouveau,XIXe-XXe siècle
"Train dans la neige, la lo... de Claude Monet",Claude Monet,Impressionnisme,XIXe siècle
L'île des morts IV de Arnold Böcklin,Arnold Böcklin,,
Les remparts d'Antibes de Claude Monet,Claude Monet,Impressionnisme,XIXe siècle
Le boulevard Montmartre à ... de Camille Pissarro,Camille Pissarro,Impressionnisme,XIXe siècle
"Etretat, Plage et Falaise ... de Claude Monet",Claude Monet,Impressionnisme,XIXe siècle
Nuit : un port sous la lum... de Claude Joseph Vernet,Claude Joseph Vernet,,
Le Chasseur dans la forêt de Caspar David Friedrich,Caspar David Friedrich,Romantisme,XIXe siècle
jardin de fleurs de Vincent van Gogh,Vincent Van Gogh,Post-impressionnisme,XIXe siècle
"Les Alyscamps, Arles de Paul Gauguin",Paul Gauguin,Post-impressionnisme,XIXe siècle
Palais Contarini del Zaffo... de Claude Monet,Claude Monet,Impressionnisme,XIXe siècle
Chats sur le chiffon rouge... de Franz Marc,Franz Marc,Expressionnisme,XXe siècle
Au lac d'Attersee de Gustav Klimt,Gustav Klimt,Symbolisme,XXe siècle
La maison du douanier à Va... de Claude Monet,Claude Monet,Impressionnisme,XIXe siècle
Sur des pointes de Vassily Kandinsky,Vassily Kandinsky,,
Les joueurs d'échecs. de Friedrich August Moritz Retzsch,Friedrich August Moritz Retzsch,,
Paysage d'hiver avec l'éta... de August Piepenhagen,August Piepenhagen,,
Vieux souliers aux lacets de Vincent van Gogh,Vincent Van Gogh,Post-impressionnisme,XIXe siècle
La naissance de Venus de William Adolphe Bouguereau,William Adolphe Bouguereau,,
"la conversion de Paul de Michelangelo Caravaggio, dit le Caravage","Michelangelo Caravaggio, Dit Le Caravage",,
Jardin au Thuner mer de August Macke,August Macke,,
Nymphéas. Panneau C II. - ... de Claude Monet,Claude Monet,Impressionnisme,XIXe siècle
Rhinocéros de Albrecht Dürer,Albrecht Dürer,Renaissance,XVe-XVIe siècle
l'impact de chevalier de Edmund Blair Leighton,Edmund Blair Leighton,,
Chemin avançant dans la ha... de Pierre-Auguste Renoir,Pierre-auguste Renoir,Impressionnisme,XIXe siècle
Le cortège nuptial au prin... de Ludwig Richter,Ludwig Richter,,
La Neuvième Vague de Iwan Konstantinowitsch Aiwasowski,Iwan Konstantinowitsch Aiwasowski,,
Scène de rue à Berlin de Ernst Ludwig Kirchner,Ernst Ludwig Kirchner,,
"Bacchus de Michelangelo Caravaggio, dit le Caravage","Michelangelo Caravaggio, Dit Le Caravage",,
Danseuses en vert de Edgar Degas,Edgar Degas,Impressionnisme,XIXe siècle
"Golfe de Marseille, vu de ... de Paul Cézanne",Paul Cézanne,Post-impressionnisme,XIXe siècle
"Éléphant, cheval, Bovin, l... de Franz Marc",Franz Marc,Expressionnisme,XXe siècle
vaste paysage montagneux de Caspar David Friedrich,Caspar David Friedrich,Romantisme,XIXe siècle
Le cèdre solitaire de Tivadar Csontváry-Kosztka,Tivadar Csontváry-kosztka,,
Filles baignant de August Macke,August Macke,,
nature morte avec des pétu... de Paul Cézanne,Paul Cézanne,Post-impressionnisme,XIXe siècle
moutons de Franz Marc,Franz Marc,Expressionnisme,XXe siècle
Chaumes de Cordeville à Au... de Vincent van Gogh,Vincent Van Gogh,Post-impressionnisme,XIXe siècle
La salle de ballet de l'Op... de Edgar Degas,Edgar Degas,Impressionnisme,XIXe siècle
Les parapluies de Pierre-Auguste Renoir,Pierre-auguste Renoir,Impressionnisme,XIXe siècle
l'été de Camille Pissarro,Camille Pissarro,Impressionnisme,XIXe siècle
Femme avec les mains crois... de Egon Schiele,Egon Schiele,Expressionnisme,XXe siècle
nénuphars (Nymphéas) de Claude Monet,Claude Monet,Impressionnisme,XIXe siècle
"Nu de fille accroupie, la ... de Egon Schiele",Egon Schiele,Expressionnisme,XXe siècle
Fille après le bain. de Károly Lotz,Károly Lotz,,
nu assis sur des coussins de August Macke,August Macke,,
Falaise à Varengeville de Claude Monet,Claude Monet,Impressionnisme,XIXe siècle
La grande Bleue à Antibes. de Claude Monet,Claude Monet,Impressionnisme,XIXe siècle
Arbres de Piet Mondrian,Piet Mondrian,Abstraction,XXe siècle
La maison de jardin de Oilaf Viggo Peter Langer,Oilaf Viggo Peter Langer,,
Au Rose de Vassily Kandinsky,Vassily Kandinsky,,
Nature morte avec des pomm... de Paul Cézanne,Paul Cézanne,Post-impressionnisme,XIXe siècle
Dance de l'enfant II traue... de Paul Klee,Paul Klee,Abstraction,XXe siècle
Glycines de Claude Monet,Claude Monet,Impressionnisme,XIXe siècle
Jour de pluie de Paul Klee,Paul Klee,Abstraction,XXe siècle
Automne (école) de Marianne von Werefkin,Marianne Von Werefkin,,
Ta Matete de Paul Gauguin,Paul Gauguin,Post-impressionnisme,XIXe siècle
Junius de Gustav Klimt,Gustav Klimt,Symbolisme,XXe siècle
Composition de Paul Klee,Paul Klee,Abstraction,XXe siècle
Improvisation sans titre de Vassily Kandinsky,Vassily Kandinsky,,
Le lac Léman et le Mont-Bl... de Ferdinand Hodler,Ferdinand Hodler,,
jardin de château de Paul Klee,Paul Klee,Abstraction,XXe siècle
Le sacre de Napoleon de Jacques Louis David,Jacques Louis David,,
poisson d'or de Gustav Klimt,Gustav Klimt,Symbolisme,XXe siècle
meule de paille au soleil. de Claude Monet,Claude Monet,Impressionnisme,XIXe siècle
Lucifer de Franz von Stuck,Franz Von Stuck,,
La Porte de l'Aurore de Herbert James Draper,Herbert James Draper,,
Paysage de la Martinique de Paul Gauguin,Paul Gauguin,Post-impressionnisme,XIXe siècle
portrait de Franz Liszt de Henri Lehmann,Henri Lehmann,,
La rue de Ernst Ludwig Kirchner,Ernst Ludwig Kirchner,,
Mère de Joaquin Sorolla,Joaquin Sorolla,,
"auto-portrait avec weste, ... de Egon Schiele",Egon Schiele,Expressionnisme,XXe siècle
ermite un tricotant de Carl Spitzweg,Carl Spitzweg,,
Olympie de Edouard Manet,Edouard Manet,,
Nénuphars et Agapanthus de Claude Monet,Claude Monet,Impressionnisme,XIXe siècle
heure de matin de Moritz von Schwind,Moritz Von Schwind,,
Roi Louis II de Bavière de Artiste inconnu,Artiste Inconnu,,
"Île douce-amère, 1938. de Paul Klee",Paul Klee,Abstraction,XXe siècle
Le bateau-atelier de Claude Monet,Claude Monet,Impressionnisme,XIXe siècle
Le serment des Horaces de Jacques Louis David,Jacques Louis David,,
À l'abreuvoir de Giovanni Segantini,Giovanni Segantini,,
Cheval bleu II de Franz Marc,Franz Marc,Expressionnisme,XXe siècle
l'homme de perroquet de Max Liebermann,Max Liebermann,,
Le moulin de fil de Albrecht Dürer,Albrecht Dürer,Renaissance,XVe-XVIe siècle
Garçons sur la plage de Sk... de Peter Severin Kroyer,Peter Severin Kroyer,,
"La cène, copie du tableau ... de Nicolas Poussin",Nicolas Poussin,Classicisme,XVIIe siècle
Femme allongée II de Egon Schiele,Egon Schiele,Expressionnisme,XXe siècle
Rosa Centifolia de Pierre Joseph Redouté,Pierre Joseph Redouté,,
Petite princesse des bruyè... de Fritz von Uhde,Fritz Von Uhde,,
Deux peupliers sur la rout... de Vincent van Gogh,Vincent Van Gogh,Post-impressionnisme,XIXe siècle
Portrait avec des pommes de August Macke,August Macke,,
"Topaze, du cycle ""Les gemm... de Alphonse Mucha",Alphonse Mucha,Art Nouveau,XIXe-XXe siècle
Détail de nu féminin assis de Amadeo Modigliani,Amadeo Modigliani,,
Tête de fille devant une f... de Paula Modersohn-Becker,Paula Modersohn-becker,,
Vue de Tolède de El Greco (alias Dominikos Theotokopulos),El Greco (alias Dominikos Theotokopulos),,
"« Améthyste », extrait du ... de Alphonse Mucha",Alphonse Mucha,Art Nouveau,XIXe-XXe siècle
Nu couché (sur le côté gau... de Amadeo Modigliani,Amadeo Modigliani,,
Autoportrait au chapeau de... de Vincent van Gogh,Vincent Van Gogh,Post-impressionnisme,XIXe siècle
Nu couché sur le ventre ve... de Gustav Klimt,Gustav Klimt,Symbolisme,XXe siècle
cheval dans le paysage de Franz Marc,Franz Marc,Expressionnisme,XXe siècle
Esquisse pour plusieurs ce... de Vassily Kandinsky,Vassily Kandinsky,,
Cathédrale en hiver de Ernst Ferdinand Oehme,Ernst Ferdinand Oehme,,
Le vase bleu de Paul Cézanne,Paul Cézanne,Post-impressionnisme,XIXe siècle
"Nymphéas, Giverny de Claude Monet",Claude Monet,Impressionnisme,XIXe siècle
Pêcher en fleur de Vincent van Gogh,Vincent Van Gogh,Post-impressionnisme,XIXe siècle
La tour Eiffel de Georges Seurat,Georges Seurat,Pointillisme,XIXe siècle
Musicien Ange de Rosso Fiorentino,Rosso Fiorentino,,
Lac de Thoune depuis Leiss... de Ferdinand Hodler,Ferdinand Hodler,,
soirée d'été sur la plage ... de Peter Severin Kroyer,Peter Severin Kroyer,,
Circé Invidieuse de John William Waterhouse,John William Waterhouse,,
La Cape Rouge (Madame Mone... de Claude Monet,Claude Monet,Impressionnisme,XIXe siècle
Jardin à Godramstein de Max Slevogt,Max Slevogt,,
autel d'Isenheimer panneau... de Matthias Grünewald,Matthias Grünewald,,
Le café de nuit de Vincent van Gogh,Vincent Van Gogh,Post-impressionnisme,XIXe siècle
Prince noir. de Paul Klee,Paul Klee,Abstraction,XXe siècle
Petit Songe en Rouge de Vassily Kandinsky,Vassily Kandinsky,,
Portrait d'un Homme Barbu ... de Léonard de Vinci,Vinci,,
Fin urbaine (Krumau coudes... de Egon Schiele,Egon Schiele,Expressionnisme,XXe siècle
Ballon rouge de Paul Klee,Paul Klee,Abstraction,XXe siècle
Affiche publicitaire pour ... de David Dellepiane,David Dellepiane,,
après le bain de Edgar Degas,Edgar Degas,Impressionnisme,XIXe siècle
Nouveau quartier à M de Paul Klee,Paul Klee,Abstraction,XXe siècle
Jardin de paysan dans la p... de Paul Klee,Paul Klee,Abstraction,XXe siècle
"Plage de Pourville, couche... de Claude Monet",Claude Monet,Impressionnisme,XIXe siècle
La poste de dieu. de Rudolf Koller,Rudolf Koller,,
"Ville allemande BR, 1928.1... de Paul Klee",Paul Klee,Abstraction,XXe siècle
La lectrice de roman de Vincent van Gogh,Vincent Van Gogh,Post-impressionnisme,XIXe siècle
Cimetière de monastère dan... de Caspar David Friedrich,Caspar David Friedrich,Romantisme,XIXe siècle
Nymphéas bleus de Claude Monet,Claude Monet,Impressionnisme,XIXe siècle
Bois de Boulogne de Felix Vallotton,Felix Vallotton,,
Veille d'été de Edward Robert Hughes,Edward Robert Hughes,,
Coucher de soleil de Claude Monet,Claude Monet,Impressionnisme,XIXe siècle
La Vierge aux rochers (La ... de Léonard de Vinci,Vinci,,
Colline et champ de coupur... de Caspar David Friedrich,Caspar David Friedrich,Romantisme,XIXe siècle
Jeune fille lisant une let... de Jean Baptiste Santerre,Jean Baptiste Santerre,,
Fleurs dans le jardin - Cl... de August Macke,August Macke,,
Le Cours de l'Empire : Des... de Thomas Cole,Thomas Cole,,
Étude d'une vitrine lumine... de August Macke,August Macke,,
Intérieur de la maison aux... de Carl Eduard Ferdinand Blechen,Carl Eduard Ferdinand Blechen,,
l'allée de bouleaux dans l... de Max Liebermann,Max Liebermann,,
Composition of IV. de Vassily Kandinsky,Vassily Kandinsky,,
Dame Agnew de Lochnaw de John Singer Sargent,John Singer Sargent,Réalisme,XIXe-XXe siècle
La blanchisseuse de Henri de Toulouse-Lautrec,Toulouse-lautrec,,
Floraisons d'été à Vetheui... de Claude Monet,Claude Monet,Impressionnisme,XIXe siècle
Jardin au bord du lac de T... de August Macke,August Macke,,
Le kimono rouge de Georg Hendrik Breitner,Georg Hendrik Breitner,,
visage idéal de Michelangelo Buonarroti,Michelangelo Buonarroti,,
Été de Claude Monet,Claude Monet,Impressionnisme,XIXe siècle
Confidences de Edward Henry Potthast,Edward Henry Potthast,,
Madame Monet en kimono (La... de Claude Monet,Claude Monet,Impressionnisme,XIXe siècle
le faucheur de Vincent van Gogh,Vincent Van Gogh,Post-impressionnisme,XIXe siècle
Phare avec des rayons de l... de Paul Adolf Seehaus,Paul Adolf Seehaus,,
nature morte de Gerardina J. Sande Backhuyzen,Gerardina J. Sande Backhuyzen,,
La paresse de Felix Vallotton,Felix Vallotton,,
Saisons : l'automne. de Alphonse Mucha,Alphonse Mucha,Art Nouveau,XIXe-XXe siècle
"Fille étant assise, en fac... de Egon Schiele",Egon Schiele,Expressionnisme,XXe siècle
La rue Montorgueil de Claude Monet,Claude Monet,Impressionnisme,XIXe siècle
Ascension des bienheureux ... de Jérôme Bosch,Jérôme Bosch,,
"Le Pont du Rialto, Venise de Giovanni Antonio Canal",Giovanni Antonio Canal,,
Passage sur le pont de August Macke,August Macke,,
La maison du Jas de Bouffa... de Paul Cézanne,Paul Cézanne,Post-impressionnisme,XIXe siècle
Le Peintre (Repos dans la ... de Carl Spitzweg,Carl Spitzweg,,
La petite fille à l'arroso... de Pierre-Auguste Renoir,Pierre-auguste Renoir,Impressionnisme,XIXe siècle
Venise depuis le Bacino de Giovanni Antonio Canal,Giovanni Antonio Canal,,
Sur la plage de Trouville de Claude Monet,Claude Monet,Impressionnisme,XIXe siècle
Sternkreiszeichen. Illustr... de Alphonse Mucha,Alphonse Mucha,Art Nouveau,XIXe-XXe siècle
Madonne dans la grotte (pr... de Léonard de Vinci,Vinci,,
Organisation d'affiche (à ... de Alphonse Mucha,Alphonse Mucha,Art Nouveau,XIXe-XXe siècle
"Par une fenêtre, 1932 de Paul Klee",Paul Klee,Abstraction,XXe siècle
Champ de coquelicots de Claude Monet,Claude Monet,Impressionnisme,XIXe siècle
l'après-midi dans le hamac de Walter Launt Palmer,Walter Launt Palmer,,
intérieur de la forêt avec... de Franz Marc,Franz Marc,Expressionnisme,XXe siècle
Rivage sous la pluie de Paul Klee,Paul Klee,Abstraction,XXe siècle
Soirée sur la Wümme de Otto Modersohn,Otto Modersohn,,
Le rêve. de Franz Marc,Franz Marc,Expressionnisme,XXe siècle
Chrysanthèmes de Claude Monet,Claude Monet,Impressionnisme,XIXe siècle
la récitation de Arturo Ricci,Arturo Ricci,,
La salle du petit-déjeuner,La Salle Du Petit-déjeuner,,
La jeune fille au chocolat de Jean-Étienne Liotard,Jean-étienne Liotard,,
Imbécile jouant de Frans Hals,Frans Hals,,
"Joueur de luth de Michelangelo Caravaggio, dit le Caravage","Michelangelo Caravaggio, Dit Le Caravage",,
Fin de vie de Marianne von Werefkin,Marianne Von Werefkin,,
Le Joueur de Fifre de Edouard Manet,Edouard Manet,,
Pergola à Capri avec vue s... de Peder Mønsted,Peder Mønsted,,
Le Parlement de Londres au... de Claude Monet,Claude Monet,Impressionnisme,XIXe siècle
"Vaches - rouge, vert, jaun... de Franz Marc",Franz Marc,Expressionnisme,XXe siècle
"Quai du Louvre, Paris de Claude Monet",Claude Monet,Impressionnisme,XIXe siècle
Chèvres de montagne de Franz Marc,Franz Marc,Expressionnisme,XXe siècle
Paysage de Vassily Kandinsky,Vassily Kandinsky,,
Fleurs rouges sur les rive... de Claude Monet,Claude Monet,Impressionnisme,XIXe siècle
L'adoration des bergers de Gerrit van Honthorst,Gerrit Van Honthorst,,
Voiliers dans le port de T... de Eugène Boudin,Eugène Boudin,,
Le chemin vers la mer de Pavel Aleksandrovich Bryullov,Pavel Aleksandrovich Bryullov,,
La grands lune (la grande ... de Marianne von Werefkin,Marianne Von Werefkin,,
Maison de campagne irlanda... de Hans Iten,Hans Iten,,
L'inconnue de Iwan Nikolajewitsch Kramskoi,Iwan Nikolajewitsch Kramskoi,,
Femme rousse de Amadeo Modigliani,Amadeo Modigliani,,
bouquet de fleurs. de Franz Xaver Petter,Franz Xaver Petter,,
destins animaux de Franz Marc,Franz Marc,Expressionnisme,XXe siècle
Le Buccintoro le jour de v... de Giovanni Antonio Canal,Giovanni Antonio Canal,,
"Paysage avec la maison, Ch... de Franz Marc",Franz Marc,Expressionnisme,XXe siècle
Composition avec des cercl... de Vassily Kandinsky,Vassily Kandinsky,,
"Venise, vu  de la lagune de William Turner",William Turner,Romantisme,XIXe siècle
La mer devant Satta dans l... de Ando oder Utagawa Hiroshige,Ando Oder Utagawa Hiroshige,,
Quelle liberté ! de Ilja Efimowitsch Repin,Ilja Efimowitsch Repin,,
La gare Saint-Lazare de Claude Monet,Claude Monet,Impressionnisme,XIXe siècle
Le navire des fous de Jérôme Bosch,Jérôme Bosch,,
Enfant d'orphelin sur le c... de Eugène Delacroix,Eugène Delacroix,Romantisme,XIXe siècle
"Vue sur Abbaye de Bolton, ... de William Turner",William Turner,Romantisme,XIXe siècle
Nymphéas à Giverny de Claude Monet,Claude Monet,Impressionnisme,XIXe siècle
L'île aux morts V de Arnold Böcklin,Arnold Böcklin,,
Le Christ dans le désert de Iwan Nikolajewitsch Kramskoi,Iwan Nikolajewitsch Kramskoi,,
Accent en rose. de Vassily Kandinsky,Vassily Kandinsky,,
Prairie de Ferdinand Hodler,Ferdinand Hodler,,
"La Femme Voilée, ou La Don... de Raffaello Sanzio",Raffaello Sanzio,,
Après-midi du samedi (prêt... de Carl Spitzweg,Carl Spitzweg,,
Bébé (Berceau) de Gustav Klimt,Gustav Klimt,Symbolisme,XXe siècle
Paysage alpin au lever du ... de Giovanni Segantini,Giovanni Segantini,,
Traces de gibier sur la ne... de Ernst Ludwig Kirchner,Ernst Ludwig Kirchner,,
nu allongé  féminin au ven... de Egon Schiele,Egon Schiele,Expressionnisme,XXe siècle
Assenzio de Vincent van Gogh,Vincent Van Gogh,Post-impressionnisme,XIXe siècle
Temps de récolte. de Robert Zünd,Robert Zünd,,
Tête de femme de Léonard de Vinci,Vinci,,
Prismes / Rythmes de Robert Delaunay,Robert Delaunay,,
tableau de la chapelle Six... de Michelangelo Buonarroti,Michelangelo Buonarroti,,
La Seine du côté de Vétheu... de Claude Monet,Claude Monet,Impressionnisme,XIXe siècle
Le Maître des Tortues,Le Maître Des Tortues,,
Lady Godiva de John Collier,John Collier,,
Sentiers - pièges - mouche... de Sophie Taeuber-Arp,Sophie Taeuber-arp,,
Vue depuis l'Isteiner Klot... de Peter Birmann,Peter Birmann,,
"Clown, 1929, 133 (D 3). de Paul Klee",Paul Klee,Abstraction,XXe siècle
l'artiste avec leur fille de Marie Elisabeth-Louise Vigée-Lebrun,Marie Elisabeth-louise Vigée-lebrun,,
cerf-volant de Carl Spitzweg,Carl Spitzweg,,
Chiens de chasse avec le g... de Ludwig Burckhardt,Ludwig Burckhardt,,
Helene Sedlmayr de la gale... de Joseph Karl Stieler,Joseph Karl Stieler,,
Noir et Violet de Vassily Kandinsky,Vassily Kandinsky,,
Le Bois sacré de Arnold Böcklin,Arnold Böcklin,,
Champ de coquelicots près ... de Claude Monet,Claude Monet,Impressionnisme,XIXe siècle
Le Cœur de Edvard Munch,Edvard Munch,Expressionnisme,XIXe-XXe siècle
Deux petites filles de Egon Schiele,Egon Schiele,Expressionnisme,XXe siècle
Pont japonais de Claude Monet,Claude Monet,Impressionnisme,XIXe siècle
La courtisane (d'après Eis... de Vincent van Gogh,Vincent Van Gogh,Post-impressionnisme,XIXe siècle
Allée de bouleaux de Paula Modersohn-Becker,Paula Modersohn-becker,,
"Prochainement, Chat Noir de Théophile-Alexandre Steinlen",Théophile-alexandre Steinlen,,
Le vol des filles de Leuci... de Peter Paul Rubens,Peter Paul Rubens,Baroque,XVIIe siècle
Paysannes bretonnes de Paul Gauguin,Paul Gauguin,Post-impressionnisme,XIXe siècle
les singes de Franz Marc,Franz Marc,Expressionnisme,XXe siècle
l'ange devant le soleil de William Turner,William Turner,Romantisme,XIXe siècle
La machine à gazouiller de Paul Klee,Paul Klee,Abstraction,XXe siècle
"Le voilier ""Trumpf"" en rég... de Willy Stöwer",Willy Stöwer,,
Trois arbres de Rembrandt Harmenszoon van Rijn,Rembrandt Harmenszoon Van Rijn,,
Cléopâtre de John William Waterhouse,John William Waterhouse,,
Madonne Litta de Léonard de Vinci,Vinci,,
l'eau de Giuseppe Arcimboldo,Giuseppe Arcimboldo,,
Vahine no te vi (Femme en ... de Paul Gauguin,Paul Gauguin,Post-impressionnisme,XIXe siècle
Jeune fille nue assise au ... de Otto Mueller,Otto Mueller,,
La Vérité Nue de Gustav Klimt,Gustav Klimt,Symbolisme,XXe siècle
La chaleur des dieux de Paul Gauguin,Paul Gauguin,Post-impressionnisme,XIXe siècle
Montagne bleue de Alexej von Jawlensky,Alexej Von Jawlensky,,
Paysage tunisien. de August Macke,August Macke,,
Fille avec des moutons de Paula Modersohn-Becker,Paula Modersohn-becker,,
Le retour de Napoléon de l... de Charles Baron von Steuben,Charles Baron Von Steuben,,
La chute de la société rom... de Thomas Couture,Thomas Couture,,
L'ange déchu de Alexandre Cabanel,Alexandre Cabanel,,
Des voyageurs gravissant u... de Katsushika Hokusai,Katsushika Hokusai,,
La Vénus d'Urbino de Le Titien (alias Tiziano Vecellio),Le Titien (alias Tiziano Vecellio),,
La femme en bleu lisant un... de Johannes ou Jan  Vermeer de Delft,Delft,,
Paysage avec le clocher ja... de Paul Klee,Paul Klee,Abstraction,XXe siècle
Fleurs sur le rebord de la... de Carl Larsson,Carl Larsson,,
Chevreuil dans le jardin d... de Franz Marc,Franz Marc,Expressionnisme,XXe siècle
Composition en noir et bla... de Piet Mondrian,Piet Mondrian,Abstraction,XXe siècle
"La tempete de Giorgio Barbarelli, dit Giorgione","Giorgio Barbarelli, Dit Giorgione",,
"Le bateau à voile, effet d... de Claude Monet",Claude Monet,Impressionnisme,XIXe siècle
Frédéric le Grand à cheval de Wilhelm Camphausen,Wilhelm Camphausen,,
Ville jaune de Egon Schiele,Egon Schiele,Expressionnisme,XXe siècle
Amour et Psyché de Edvard Munch,Edvard Munch,Expressionnisme,XIXe-XXe siècle
Les Ruines d'Eldena de Caspar David Friedrich,Caspar David Friedrich,Romantisme,XIXe siècle
La prière de Alexej von Jawlensky,Alexej Von Jawlensky,,
l'arbre rouge. de Marianne von Werefkin,Marianne Von Werefkin,,
nature morte de Anton Hartinger,Anton Hartinger,,
Gustav Mahler de Emil Orlik,Emil Orlik,,
Lac Keitele de Akseli V. Gallén-Kallela,Akseli V. Gallén-kallela,,
Fleurs de pommier et un co... de Martin Johnson Heade,Martin Johnson Heade,,
Maurin Quina de Leonetto Cappiello,Leonetto Cappiello,,
Le collier de perlage de Johannes ou Jan  Vermeer de Delft,Delft,,
Portrait du Dr. Gachet de Vincent van Gogh,Vincent Van Gogh,Post-impressionnisme,XIXe siècle
Nature morte avec laurier ... de Vincent van Gogh,Vincent Van Gogh,Post-impressionnisme,XIXe siècle
"Le jugement dernier, Miche... de Michelangelo Buonarroti",Michelangelo Buonarroti,,
"Petit port, 1914. de Paul Klee",Paul Klee,Abstraction,XXe siècle
Autoportrait de Rembrandt Harmenszoon van Rijn,Rembrandt Harmenszoon Van Rijn,,
Jupiter et Callisto de François Boucher,François Boucher,,
Une soirée à la maison de Sir Edward John Poynter,Sir Edward John Poynter,,
Figure du soir de Paul Klee,Paul Klee,Abstraction,XXe siècle
Primevère de Albrecht Dürer,Albrecht Dürer,Renaissance,XVe-XVIe siècle
Flamant rose d'Amérique. P... de John James Audubon,John James Audubon,,
Le feu du bâtiment parleme... de William Turner,William Turner,Romantisme,XIXe siècle
Le verger blanc de Vincent van Gogh,Vincent Van Gogh,Post-impressionnisme,XIXe siècle
silhouette de femme dans l... de Odilon Redon,Odilon Redon,Symbolisme,XIXe-XXe siècle
l'aquarium de Paul Klee,Paul Klee,Abstraction,XXe siècle
Arbre d'automne avec l'air... de Egon Schiele,Egon Schiele,Expressionnisme,XXe siècle
Schloß am Strom de Karl Friedrich Schinkel,Karl Friedrich Schinkel,,
Femme se lavant la jambe de Edgar Degas,Edgar Degas,Impressionnisme,XIXe siècle
Pont dans le Jardin de Mon... de Claude Monet,Claude Monet,Impressionnisme,XIXe siècle
Le bateau à Giverny de Claude Monet,Claude Monet,Impressionnisme,XIXe siècle
Petit-déjeuner en plein ai... de Carl Larsson,Carl Larsson,,
Forêt de bouleaux en autom... de Christian Rohlfs,Christian Rohlfs,,
Plage avec dunes de Seeger Hermann,Seeger Hermann,,
Nymphéas de Claude Monet,Claude Monet,Impressionnisme,XIXe siècle
Le pont d'Argenteuil de Gustave Caillebotte,Gustave Caillebotte,,
Autoportrait 1 de Anita Ree,Anita Ree,,
Composition de Otto Freundlich,Otto Freundlich,,
Tableau n° 1 ; Ligne Coule... de Piet Mondrian,Piet Mondrian,Abstraction,XXe siècle
Idylle de Gustav Klimt,Gustav Klimt,Symbolisme,XXe siècle
"Roi Frédéric II, tablée au... de Adolph Friedrich Erdmann von Menzel",Adolph Friedrich Erdmann Von Menzel,,
Enfants à l'eau de August Macke,August Macke,,
Doux Dur de Vassily Kandinsky,Vassily Kandinsky,,
Midi dans les Alpes de Giovanni Segantini,Giovanni Segantini,,
Danseuse au repos de Edgar Degas,Edgar Degas,Impressionnisme,XIXe siècle
Halage d'un bateau à Honfl... de Claude Monet,Claude Monet,Impressionnisme,XIXe siècle
Van Gogh / Jardin de l'hôp... de Vincent van Gogh,Vincent Van Gogh,Post-impressionnisme,XIXe siècle
Lac d'Annecy de Paul Cézanne,Paul Cézanne,Post-impressionnisme,XIXe siècle
La fontaine de jouvence de Lucas Cranach l'Ancien,Lucas Cranach L'ancien,,
Le Mont Blanc avec des nua... de Ferdinand Hodler,Ferdinand Hodler,,
L'arbre rouge de Piet Mondrian,Piet Mondrian,Abstraction,XXe siècle
Improvisation sans titre I... de Vassily Kandinsky,Vassily Kandinsky,,
La promenade scolaire de Albert Anker,Albert Anker,,
Les Peupliers au bord de l... de Claude Monet,Claude Monet,Impressionnisme,XIXe siècle
Mort de l'avare de Jérôme Bosch,Jérôme Bosch,,
Château de Norham au lever... de William Turner,William Turner,Romantisme,XIXe siècle
"G.Segantini, Nature (Tript... de Giovanni Segantini",Giovanni Segantini,,
Autoportrait en 1905 de Paula Modersohn-Becker,Paula Modersohn-becker,,
Madone à l'Enfant de Jean Fouquet,Jean Fouquet,,
l'ami de fleurs de Carl Spitzweg,Carl Spitzweg,,
Morceau de mer avec un ora... de William Turner,William Turner,Romantisme,XIXe siècle
La Fierté de Dijon de Willia Hennessy,Willia Hennessy,,
Tête d'un enfant dans les ... de Käthe Kollwitz,Käthe Kollwitz,,
Amants tirés du 'Poême de ... de Kitagawa  Utamaro,Kitagawa Utamaro,,
Intérieur avec jeune femme... de Vilhelm Hammershoi,Vilhelm Hammershoi,,
Éléphants d'Afrique de Charles Emile de Tournemine,Tournemine,,
Rosa Bengale les Hyménées de Pierre Joseph Redouté,Pierre Joseph Redouté,,
Arbres fruitiers de Gustav Klimt,Gustav Klimt,Symbolisme,XXe siècle
Le sommeil de Gustave Courbet,Gustave Courbet,Réalisme,XIXe siècle
Fille avec la chèvre de Carl Spitzweg,Carl Spitzweg,,
portrait de Maeda Primaves... de Gustav Klimt,Gustav Klimt,Symbolisme,XXe siècle
Marguerites Jaunes de Claude Monet,Claude Monet,Impressionnisme,XIXe siècle
Pivoines de Albrecht Dürer,Albrecht Dürer,Renaissance,XVe-XVIe siècle
Paysage marin à Saintes-Ma... de Vincent van Gogh,Vincent Van Gogh,Post-impressionnisme,XIXe siècle
Entre les vagues de Iwan Konstantinowitsch Aiwasowski,Iwan Konstantinowitsch Aiwasowski,,
Plage de Noordwijk de Max Liebermann,Max Liebermann,,
Forêt de pins (Partie droi... de Tohaku Hasegawa,Tohaku Hasegawa,,
"Le souper à Emmaüs de Michelangelo Caravaggio, dit le Caravage","Michelangelo Caravaggio, Dit Le Caravage",,
Clematis dans un vase en c... de Edouard Manet,Edouard Manet,,
Cap d'Antibes sous le Mist... de Claude Monet,Claude Monet,Impressionnisme,XIXe siècle
Le premier baiser de William Adolphe Bouguereau,William Adolphe Bouguereau,,
Projet d'affiche de Sebast... de Egon Schiele,Egon Schiele,Expressionnisme,XXe siècle
Murnau avec église I de Vassily Kandinsky,Vassily Kandinsky,,
Le pont suspendu entre Hid... de Katsushika Hokusai,Katsushika Hokusai,,
Fleurs de châtaignier de Pierre-Auguste Renoir,Pierre-auguste Renoir,Impressionnisme,XIXe siècle
La maison de l'artiste vue... de Claude Monet,Claude Monet,Impressionnisme,XIXe siècle
Yacht approchant de la côt... de William Turner,William Turner,Romantisme,XIXe siècle
Palais à Amsterdam avec oi... de Melchior de Hondecoeter,Hondecoeter,,
Les Tropiques de Henri Julien-Félix Rousseau,Henri Julien-félix Rousseau,,
Vue à travers la dépressio... de Caspar David Friedrich,Caspar David Friedrich,Romantisme,XIXe siècle
La cascade de Kirifuri au ... de Katsushika Hokusai,Katsushika Hokusai,,
Schubert au piano de Gustav Klimt,Gustav Klimt,Symbolisme,XXe siècle
Portrait d'Helene Klimt de Gustav Klimt,Gustav Klimt,Symbolisme,XXe siècle
"Loch Duich, Clair de lune ... de William Turner",William Turner,Romantisme,XIXe siècle
Chèvrefeuille  de Pierre Joseph Redouté,Pierre Joseph Redouté,,
"Nymphéas, 1916-19 (détail ... de Claude Monet",Claude Monet,Impressionnisme,XIXe siècle
Drache rouges de William Blake,William Blake,,
La lecture de Pierre-Auguste Renoir,Pierre-auguste Renoir,Impressionnisme,XIXe siècle
Classe de danse de Edgar Degas,Edgar Degas,Impressionnisme,XIXe siècle
"restaurant  De Oude Vink ""... de Max Liebermann",Max Liebermann,,
Le Lavandou de Pierre-Auguste Renoir,Pierre-auguste Renoir,Impressionnisme,XIXe siècle
Grappe de coquelicots de Louis Marie Lemaire,Louis Marie Lemaire,,
"Jardin des pruniers, Kamei... de Ando oder Utagawa Hiroshige",Ando Oder Utagawa Hiroshige,,
"La Pêche au Printemps, Po... de Vincent van Gogh",Vincent Van Gogh,Post-impressionnisme,XIXe siècle
"baiser de Judas de Michelangelo Caravaggio, dit le Caravage","Michelangelo Caravaggio, Dit Le Caravage",,
Nymphéas de Claude Monet,Claude Monet,Impressionnisme,XIXe siècle
Portrait d'un garçon de Peter Paul Rubens,Peter Paul Rubens,Baroque,XVIIe siècle
Fille à la fenêtre de Bartolomé Esteban Perez Murillo,Bartolomé Esteban Perez Murillo,,
Botte d'asperges (Spargels... de Edouard Manet,Edouard Manet,,
Journée d'été sur la plage... de Peter Severin Kroyer,Peter Severin Kroyer,,
Paysage de forêt vierge av... de Henri Julien-Félix Rousseau,Henri Julien-félix Rousseau,,
Portrait d'un homme au tur... de Jan van Eyck,Jan Van Eyck,Renaissance,XVe siècle
Retour du fils perdu (déta... de Rembrandt Harmenszoon van Rijn,Rembrandt Harmenszoon Van Rijn,,
Le Baiser IV de Edvard Munch,Edvard Munch,Expressionnisme,XIXe-XXe siècle
Le pont de Moret de Alfred Sisley,Alfred Sisley,,
Fermes au coucher du solei... de Vincent van Gogh,Vincent Van Gogh,Post-impressionnisme,XIXe siècle
Orange / Redouté de Pierre Joseph Redouté,Pierre Joseph Redouté,,
"La Dogana, San Giorgio, Ci... de William Turner",William Turner,Romantisme,XIXe siècle
"La Création du Monde, vole... de Jérôme Bosch",Jérôme Bosch,,
Deux filles dans le lit de Henri de Toulouse-Lautrec,Toulouse-lautrec,,
Tournesol de Egon Schiele,Egon Schiele,Expressionnisme,XXe siècle
L'étoile du soir de Alphonse Mucha,Alphonse Mucha,Art Nouveau,XIXe-XXe siècle
Champ de lys jaunes à Give... de Claude Monet,Claude Monet,Impressionnisme,XIXe siècle
Position avantageuse de Sir Lawrence Alma-Tadema,Sir Lawrence Alma-tadema,,
Vase de pivoines de Edouard Manet,Edouard Manet,,
Massaki et le bosquet de S... de Ando oder Utagawa Hiroshige,Ando Oder Utagawa Hiroshige,,
Les docks de Liverpool dep... de John Atkinson Grimshaw,John Atkinson Grimshaw,,
"Scène érotique, la maison ... de Romain",Romain,,
Affiche publicitaire de « ... de Henri de Toulouse-Lautrec,Toulouse-lautrec,,
Psyché ouvrant la boîte do... de John William Waterhouse,John William Waterhouse,,
Paysage avec des pêcheurs ... de Claude Joseph Vernet,Claude Joseph Vernet,,
"Inge II, en bleu foncé ave... de Oskar Moll",Oskar Moll,,
Fées dansantes de August Malmström,August Malmström,,
Venise - Rio de Santa Salu... de Claude Monet,Claude Monet,Impressionnisme,XIXe siècle
Roses trémières de Berthe Morisot,Berthe Morisot,Impressionnisme,XIXe siècle
Boulevard Montmartre de Camille Pissarro,Camille Pissarro,Impressionnisme,XIXe siècle
L'Archange Michel terrassa... de Guido Reni,Guido Reni,,
Vue de Venise : le Palais ... de William Turner,William Turner,Romantisme,XIXe siècle
Echo et Narcisse de John William Waterhouse,John William Waterhouse,,
La plage à Sainte-Adresse de Claude Monet,Claude Monet,Impressionnisme,XIXe siècle
Restaurant de jardin sur l... de Max Liebermann,Max Liebermann,,
auto-portrait de l'artiste... de Rembrandt Harmenszoon van Rijn,Rembrandt Harmenszoon Van Rijn,,
Le Corbeau (The Raven) Ill... de Edouard Manet,Edouard Manet,,
Plaines de Paul Klee,Paul Klee,Abstraction,XXe siècle
Allemands sur le front de Carl Röchling,Carl Röchling,,
Portrait de Jeanne Hébuter... de Amadeo Modigliani,Amadeo Modigliani,,
Ferme près de Duivendrecht de Piet Mondrian,Piet Mondrian,Abstraction,XXe siècle
Van Gogh / Tournesols / 18... de Vincent van Gogh,Vincent Van Gogh,Post-impressionnisme,XIXe siècle
P.Gauguin / Le cheval blan... de Paul Gauguin,Paul Gauguin,Post-impressionnisme,XIXe siècle
Les effets du bon gouverne... de Ambrogio Lorenzetti,Ambrogio Lorenzetti,,
Fille qui lit de Pierre-Auguste Renoir,Pierre-auguste Renoir,Impressionnisme,XIXe siècle
Douceurs atténuées de Paul Klee,Paul Klee,Abstraction,XXe siècle
Paysage marin de Thomas Alexander Harrison,Thomas Alexander Harrison,,
La dame de Shalott de John William Waterhouse,John William Waterhouse,,
Rue Saint-Honoré l'après-m... de Camille Pissarro,Camille Pissarro,Impressionnisme,XIXe siècle
Potsdamer Platz de Ernst Ludwig Kirchner,Ernst Ludwig Kirchner,,
Venise (Palais des Doges) de Pierre-Auguste Renoir,Pierre-auguste Renoir,Impressionnisme,XIXe siècle
Portrait de Madame Rimsky-... de Franz Xaver Winterhalter,Franz Xaver Winterhalter,,
Louis XIV (1638-1715) en C... de Hyacinthe Rigaud,Hyacinthe Rigaud,,
Un après-midi de dimanche ... de Georges Seurat,Georges Seurat,Pointillisme,XIXe siècle
mercredi de cendrier de Carl Spitzweg,Carl Spitzweg,,
Les roses des Heliogabalus de Sir Lawrence Alma-Tadema,Sir Lawrence Alma-tadema,,
Codex Leicester f.1r : not... de Léonard de Vinci,Vinci,,
Lignes noires de Vassily Kandinsky,Vassily Kandinsky,,
Metamoe (Paysage avec des ... de Paul Gauguin,Paul Gauguin,Post-impressionnisme,XIXe siècle
"Les dunes, plage spéciale,... de Holgar Drachman",Holgar Drachman,,
Étude d'une nymphe d'eau de Herbert James Draper,Herbert James Draper,,
Paysage avec arbre lumineu... de August Macke,August Macke,,
D'après un croquis de Sidi... de Paul Klee,Paul Klee,Abstraction,XXe siècle
La Seine à Samois (d'une s... de Paul Signac,Paul Signac,,
Cavaliers apocalyptiques (... de Albrecht Dürer,Albrecht Dürer,Renaissance,XVe-XVIe siècle
Le boulevard vu d'en haut de Gustave Caillebotte,Gustave Caillebotte,,
Bouffon Stanczyk de Jan Matejko,Jan Matejko,,
Cercles dans un cercle de Vassily Kandinsky,Vassily Kandinsky,,
Auto-portrait de Albrecht Dürer,Albrecht Dürer,Renaissance,XVe-XVIe siècle
Auto-portrait le jour du 6... de Paula Modersohn-Becker,Paula Modersohn-becker,,
Nature morte avec pastèque... de Paul Cézanne,Paul Cézanne,Post-impressionnisme,XIXe siècle
Entrée dans le Grand Canal de William Turner,William Turner,Romantisme,XIXe siècle
Keelmen Heaving in Coals b... de William Turner,William Turner,Romantisme,XIXe siècle
"Vue de la cité idéale, ou ... de Luciano Laurana",Luciano Laurana,,
"Illustration du Paradis, C... de Gustave Doré",Gustave Doré,,
Clair de lune de Felix Vallotton,Felix Vallotton,,
Improvisation 9 de Vassily Kandinsky,Vassily Kandinsky,,
La Vanité ou Allégorie de ... de Philippe de Champaigne,Champaigne,,
Quatre filles sur le pont de Edvard Munch,Edvard Munch,Expressionnisme,XIXe-XXe siècle
Sirène de John William Waterhouse,John William Waterhouse,,
Fille avec un miroir de John William Godward,John William Godward,,
Saules au bord du ruisseau de August Macke,August Macke,,
Un chat assis sur le rebor... de Ando oder Utagawa Hiroshige,Ando Oder Utagawa Hiroshige,,
Autoportrait de Egon Schiele,Egon Schiele,Expressionnisme,XXe siècle
Frédéric Chopin de Eugène Delacroix,Eugène Delacroix,Romantisme,XIXe siècle
Femme assise de Gustav Klimt,Gustav Klimt,Symbolisme,XXe siècle
"Lieu ensoleillé d'automne,... de Paul Klee",Paul Klee,Abstraction,XXe siècle
Nature morte avec pommes e... de Paul Cézanne,Paul Cézanne,Post-impressionnisme,XIXe siècle
Jeux d'hiver de Hendrik Averkamp,Hendrik Averkamp,,
Le temps qui disparaît de Sandy Wijaya,Sandy Wijaya,,
l'exode d'Egypte de Adam Elsheimer,Adam Elsheimer,,
Pouce vers le bas de Jean-Léon Gérome,Jean-léon Gérome,,
La Cathédrale de Salisbury... de John Constable,John Constable,Romantisme,XIXe siècle
Maison dans le jardin (dét... de August Macke,August Macke,,
Cicéron accuse Catilina de... de Cesare Maccari,Cesare Maccari,,
Nature morte avec pommes e... de Paul Cézanne,Paul Cézanne,Post-impressionnisme,XIXe siècle
"Saules pleureurs, Le Bassi... de Claude Monet",Claude Monet,Impressionnisme,XIXe siècle
Promenade sur la plage de Michael Peter Ancher,Michael Peter Ancher,,
famille Sainte de Michelangelo Buonarroti,Michelangelo Buonarroti,,
Nature morte au poisson ro... de Paula Modersohn-Becker,Paula Modersohn-becker,,
van Gogh/Poirier en fleurs... de Vincent van Gogh,Vincent Van Gogh,Post-impressionnisme,XIXe siècle
Deux femmes à la plage de Michael Peter Ancher,Michael Peter Ancher,,
Printemps de Claude Monet,Claude Monet,Impressionnisme,XIXe siècle
Coucher de soleil dans les... de Albert Bierstadt,Albert Bierstadt,,
Paysage de montagne derriè... de Vincent van Gogh,Vincent Van Gogh,Post-impressionnisme,XIXe siècle
Tour du cheval bleu (carte... de Franz Marc,Franz Marc,Expressionnisme,XXe siècle
l'avant-poste de Carl Spitzweg,Carl Spitzweg,,
Bateaux dans le port à Hon... de Claude Monet,Claude Monet,Impressionnisme,XIXe siècle
Nymphéas : Matin de Claude Monet,Claude Monet,Impressionnisme,XIXe siècle
AB/316 Un arrangement flor... de Albert  Williams,Albert Williams,,
Marine de Pierre-Auguste Renoir,Pierre-auguste Renoir,Impressionnisme,XIXe siècle
Troncs de bouleau de Paula Modersohn-Becker,Paula Modersohn-becker,,
Dissonance de Franz von Stuck,Franz Von Stuck,,
Krumau coudes de maison (l... de Egon Schiele,Egon Schiele,Expressionnisme,XXe siècle
nature morte avec la bible de Vincent van Gogh,Vincent Van Gogh,Post-impressionnisme,XIXe siècle
Jockeys de Edgar Degas,Edgar Degas,Impressionnisme,XIXe siècle
Combat entre la frégate fr... de Louis Philippe Crepin,Louis Philippe Crepin,,
Tache rouge de Vassily Kandinsky,Vassily Kandinsky,,
Étude de la nature à Murna... de Vassily Kandinsky,Vassily Kandinsky,,
Women on the Street de Ernst Ludwig Kirchner,Ernst Ludwig Kirchner,,
Composition urbaine avec d... de Paul Klee,Paul Klee,Abstraction,XXe siècle
Bouquet de lilas de Edouard Manet,Edouard Manet,,
Vieille pensionnaire de l'... de Paula Modersohn-Becker,Paula Modersohn-becker,,
Grenade de Pierre Joseph Redouté,Pierre Joseph Redouté,,
Cerisier en fleur de Ferdinand Hodler,Ferdinand Hodler,,
Marguerite Dorée de Pierre Joseph Redouté,Pierre Joseph Redouté,,
Rue avec église à Kandern de August Macke,August Macke,,
"L'entrée du Grand Canal, V... de Giovanni Antonio Canal",Giovanni Antonio Canal,,
F. Vallotton / Intérieur a... de Felix Vallotton,Felix Vallotton,,
Deux Satyrn de Peter Paul Rubens,Peter Paul Rubens,Baroque,XVIIe siècle
Madone des Temps de Raffaello Sanzio,Raffaello Sanzio,,
Carte de la Frise oriental... de Gerhard Coldewey Ehrenreich,Gerhard Coldewey Ehrenreich,,
Le passage du Rhin par Blü... de Wilhelm Camphausen,Wilhelm Camphausen,,
Vallotton / La baie de Tré... de Felix Vallotton,Felix Vallotton,,
Verts épis de blé de Vincent van Gogh,Vincent Van Gogh,Post-impressionnisme,XIXe siècle
Le bain de pied de Camille Pissarro,Camille Pissarro,Impressionnisme,XIXe siècle
v.Gogh /Backyards in Antwe... de Vincent van Gogh,Vincent Van Gogh,Post-impressionnisme,XIXe siècle
"Affiche pour La Bohème, op... de École italienne (19ème siècle)",École Italienne (19ème Siècle),,
Lilas / Redouté de Pierre Joseph Redouté,Pierre Joseph Redouté,,
La Séance Photo de Claude Monet,Claude Monet,Impressionnisme,XIXe siècle
Les grandes chutes du Reic... de William Turner,William Turner,Romantisme,XIXe siècle
Détail de Jeanne Hébuterne de Amadeo Modigliani,Amadeo Modigliani,,
Portrait de Beatrice d'Est... de Léonard de Vinci,Vinci,,
La chasse en forêt de Paolo Uccello,Paolo Uccello,,
"Inondation, lac de Starnbe... de Lovis Corinth",Lovis Corinth,,
Baigneuse assise de Edgar Degas,Edgar Degas,Impressionnisme,XIXe siècle
Huit études de fleurs sauv... de Albrecht Dürer,Albrecht Dürer,Renaissance,XVe-XVIe siècle
"A. Modigliani, Jeanne Hébu... de Amadeo Modigliani",Amadeo Modigliani,,
Sur La Plage de Felix Vallotton,Felix Vallotton,,
Mot-clé de Pierre Joseph Redouté,Pierre Joseph Redouté,,
Montagne Sainte-Victoire e... de Paul Cézanne,Paul Cézanne,Post-impressionnisme,XIXe siècle
bataille d'Alexandre de Albrecht Altdorfer,Albrecht Altdorfer,,
Travailleurs portuaires en... de Vincent van Gogh,Vincent Van Gogh,Post-impressionnisme,XIXe siècle
Sadko au royaume sous-mari... de Ilja Efimowitsch Repin,Ilja Efimowitsch Repin,,
Couple d'acrobates  de Ernst Ludwig Kirchner,Ernst Ludwig Kirchner,,
Chêne ancien avec un nid d... de Caspar David Friedrich,Caspar David Friedrich,Romantisme,XIXe siècle
"Chemin de la Cavée, Pourvi... de Claude Monet",Claude Monet,Impressionnisme,XIXe siècle
"Dôme du Half, Yosemite de Albert Bierstadt",Albert Bierstadt,,
Le marais en automne de Otto Modersohn,Otto Modersohn,,
Sibylle libyenne (détail C... de Michelangelo Buonarroti,Michelangelo Buonarroti,,
Maisons à Auvers ll de Vincent van Gogh,Vincent Van Gogh,Post-impressionnisme,XIXe siècle
Bouleaux au bord de la riv... de Karl Hagemeister,Karl Hagemeister,,
Champs près de la mer de Paul Gauguin,Paul Gauguin,Post-impressionnisme,XIXe siècle
"Mer calme à Z..., 1925.221... de Paul Klee",Paul Klee,Abstraction,XXe siècle
Fille avec un chat de Paula Modersohn-Becker,Paula Modersohn-becker,,
Grisonne à la fontaine de Giovanni Segantini,Giovanni Segantini,,
La mort de Marat de Jacques Louis David,Jacques Louis David,,
Magdelaine avec la lumière... de Georges de La Tour,La Tour,,
"La jetée à marée haute, Tr... de Eugène Boudin",Eugène Boudin,,
L'Agapanthe de Claude Monet,Claude Monet,Impressionnisme,XIXe siècle
"Dans le style de Bach, 191... de Paul Klee",Paul Klee,Abstraction,XXe siècle
Signature du registre de Edmund Blair Leighton,Edmund Blair Leighton,,
Pivoines Blanches et Roses... de Henri Fantin-Latour,Henri Fantin-latour,,
Escalier de lune à la mer de Caspar David Friedrich,Caspar David Friedrich,Romantisme,XIXe siècle
Fille en kimono blanc de Georg Hendrik Breitner,Georg Hendrik Breitner,,
Ève de Max Liebermann,Max Liebermann,,
Homme nu avec bras levés de Egon Schiele,Egon Schiele,Expressionnisme,XXe siècle
Paysage avec oliviers de Vincent van Gogh,Vincent Van Gogh,Post-impressionnisme,XIXe siècle
L'Annonciation à Marie de Fra Beato Angelico,Fra Beato Angelico,,
"Écrevisses, de la série 'U... de Carl Larsson",Carl Larsson,,
Val d'Orcia de Jarek Pawlak,Jarek Pawlak,,
Cueillez dès aujourd'hui l... de John William Waterhouse,John William Waterhouse,,
Woman in a Golden Cape de Egon Schiele,Egon Schiele,Expressionnisme,XXe siècle
Portrait d'Amand Roulin à ... de Vincent van Gogh,Vincent Van Gogh,Post-impressionnisme,XIXe siècle
Fille avec des éventails de Paul Gauguin,Paul Gauguin,Post-impressionnisme,XIXe siècle
Nu féminin s'appuyant de Egon Schiele,Egon Schiele,Expressionnisme,XXe siècle
Le citron de Edouard Manet,Edouard Manet,,
Fille avec des fleurs de Paula Modersohn-Becker,Paula Modersohn-becker,,
Maisons à Unterach sur le ... de Gustav Klimt,Gustav Klimt,Symbolisme,XXe siècle
Portrait d'Elisabeth de Ba... de Franz Xaver Winterhalter,Franz Xaver Winterhalter,,
Allemagne de Friedrich August Kaulbach,Friedrich August Kaulbach,,
Château d'Auvers au couche... de Vincent van Gogh,Vincent Van Gogh,Post-impressionnisme,XIXe siècle
Franz Peter Schubert (1797... de Wilhelm August Rieder,Wilhelm August Rieder,,
Nu couché (se masturbant) de Gustav Klimt,Gustav Klimt,Symbolisme,XXe siècle
Pot de fleurs de Vincent van Gogh,Vincent Van Gogh,Post-impressionnisme,XIXe siècle
"Pont Rouge, 1928.58 (O 8) de Paul Klee",Paul Klee,Abstraction,XXe siècle
Perroquets bleus de August Macke,August Macke,,
"Bœuf : diagramme représent... de Ecole Française, (20ème siècle)","Ecole Française, (20ème Siècle)",,
Rythme No 1 de Robert Delaunay,Robert Delaunay,,
Dance de paysan. de Pieter Brueghel l'Ancien,Pieter Brueghel L'ancien,,
La première leçon de piano de Jules Alexis Muenier,Jules Alexis Muenier,,
Chemin des Bouleaux de Paula Modersohn-Becker,Paula Modersohn-becker,,
Autoportrait avec béret de Claude Monet,Claude Monet,Impressionnisme,XIXe siècle
Garçons nus sur la plage de Joaquin Sorolla,Joaquin Sorolla,,
Vue de Venise depuis La Gi... de William Turner,William Turner,Romantisme,XIXe siècle
"Louveciennes ou, Les Haute... de Alfred Sisley",Alfred Sisley,,
La Chute de Phaéton de Peter Paul Rubens,Peter Paul Rubens,Baroque,XVIIe siècle
Le Coupe-bois de Ferdinand Hodler,Ferdinand Hodler,,
"Saint Joseph, le Charpenti... de Georges de La Tour",La Tour,,
Nature morte avec des pomm... de Felix Vallotton,Felix Vallotton,,
Lake Geneva w. Mount Blanc de Ferdinand Hodler,Ferdinand Hodler,,
Fille du jardin de fleurs de Kiyo Murakami,Kiyo Murakami,,
Les toits rouges de Camille Pissarro,Camille Pissarro,Impressionnisme,XIXe siècle
La Résurrection du Christ ... de Fra Beato Angelico,Fra Beato Angelico,,
Adoration des bergers de Rembrandt Harmenszoon van Rijn,Rembrandt Harmenszoon Van Rijn,,
bataille navale de Trafalg... de Thomas Whitcombe,Thomas Whitcombe,,
Bateaux de pêche sur la pl... de Vincent van Gogh,Vincent Van Gogh,Post-impressionnisme,XIXe siècle
Le jardin à Pontoise de Camille Pissarro,Camille Pissarro,Impressionnisme,XIXe siècle
Jour tempête de Iwan Konstantinowitsch Aiwasowski,Iwan Konstantinowitsch Aiwasowski,,
"Saint-Tropez, L'orage de Paul Signac",Paul Signac,,
Vieil homme en peine (Sur ... de Vincent van Gogh,Vincent Van Gogh,Post-impressionnisme,XIXe siècle
Plage de Saint-Germain prè... de Paul Klee,Paul Klee,Abstraction,XXe siècle
Capucine de Pierre Joseph Redouté,Pierre Joseph Redouté,,
L'occupation préférée de Sir Lawrence Alma-Tadema,Sir Lawrence Alma-tadema,,
"Hirondelles, fleurs de pêc... de Ando oder Utagawa Hiroshige",Ando Oder Utagawa Hiroshige,,
Le pont à Wiesen de Ernst Ludwig Kirchner,Ernst Ludwig Kirchner,,
"Kairouan, 1914. de Paul Klee",Paul Klee,Abstraction,XXe siècle
Te aa no areois (La semenc... de Paul Gauguin,Paul Gauguin,Post-impressionnisme,XIXe siècle
La place du marché à Pirna de Bernardo Bellotto,Bernardo Bellotto,,
"Marie Antoinette, Reine de... de Marie Elisabeth-Louise Vigée-Lebrun",Marie Elisabeth-louise Vigée-lebrun,,
Les Ponts d'Asnières de Vincent van Gogh,Vincent Van Gogh,Post-impressionnisme,XIXe siècle
"Le magicien, 1927. 297 (Om... de Paul Klee",Paul Klee,Abstraction,XXe siècle
"Les canots, 1878 de Gustave Caillebotte",Gustave Caillebotte,,
Paysage forestier de Barend Cornelisz Koekkoek,Barend Cornelisz Koekkoek,,
Galerie des vues de la Rom... de Giovanni Paolo Pannini,Giovanni Paolo Pannini,,
"Affiche du Jardin Zoologiq... de École allemande, (20ème siècle)","École Allemande, (20ème Siècle)",,
Nénuphars au coucher du so... de Claude Monet,Claude Monet,Impressionnisme,XIXe siècle
Forêt avec un ruisseau de ... de Ferdinand Hodler,Ferdinand Hodler,,
Groseille / Redouté de Pierre Joseph Redouté,Pierre Joseph Redouté,,
Deux amies de Egon Schiele,Egon Schiele,Expressionnisme,XXe siècle
chevalier de croix rentran... de Carl Friedrich Lessing,Carl Friedrich Lessing,,
Annonciation de Sandro Botticelli,Sandro Botticelli,Renaissance,XVe siècle
Ne me touche pas de Fra Beato Angelico,Fra Beato Angelico,,
Cologne de William Turner,William Turner,Romantisme,XIXe siècle
Papillons de Odilon Redon,Odilon Redon,Symbolisme,XIXe-XXe siècle
Marie avec l'enfant dorman... de Andrea Mantegna,Andrea Mantegna,,
Marine. Skagen de Peter Severin Kroyer,Peter Severin Kroyer,,
Judith et Holopherne de Artemisia Gentileschi,Artemisia Gentileschi,Baroque,XVIIe siècle
Hôtel de Région de Haute-A... de Gustav Klimt,Gustav Klimt,Symbolisme,XXe siècle
"Côte sud, 1925.39. de Paul Klee",Paul Klee,Abstraction,XXe siècle
Les lumières s'allument - ... de Friedrich Kallmorgen,Friedrich Kallmorgen,,
Fortune de Jean Francois Armand Felix Bernard,Jean Francois Armand Felix Bernard,,
Magnolia de Pierre Joseph Redouté,Pierre Joseph Redouté,,
Linge dans le jardin à Kan... de August Macke,August Macke,,
"Otto von Bismarck, vers 18... de Franz von Lenbach",Franz Von Lenbach,,
Le géologue de Carl Spitzweg,Carl Spitzweg,,
Champ de blé en Arles de Vincent van Gogh,Vincent Van Gogh,Post-impressionnisme,XIXe siècle
Esquisse d'un lion rugissa... de Léonard de Vinci,Vinci,,
Roses héroïques de Paul Klee,Paul Klee,Abstraction,XXe siècle
Plage avec des silhouettes... de William Turner,William Turner,Romantisme,XIXe siècle
Coucher de soleil de Hendrik Willem Mesdag,Hendrik Willem Mesdag,,
Rothenburg ob der Tauber. ... de Vassily Kandinsky,Vassily Kandinsky,,
dans la taverne de Franz von Defregger,Franz Von Defregger,,
Carré Gris de Vassily Kandinsky,Vassily Kandinsky,,
"Pleine lune à Seba, de la ... de Ando oder Utagawa Hiroshige",Ando Oder Utagawa Hiroshige,,
"Caravage, Saint Jean-Bapti... de Michelangelo Caravaggio, dit le Caravage","Michelangelo Caravaggio, Dit Le Caravage",,
Les canotiers ramant sur l... de Gustave Caillebotte,Gustave Caillebotte,,
"Le lac, Petworth : Coucher... de William Turner",William Turner,Romantisme,XIXe siècle
La Belle de Le Titien (alias Tiziano Vecellio),Le Titien (alias Tiziano Vecellio),,
"Départ des navires, 1927. de Paul Klee",Paul Klee,Abstraction,XXe siècle
Ville des Deux Collines de Paul Klee,Paul Klee,Abstraction,XXe siècle
Nature morte avec des tuli... de Paula Modersohn-Becker,Paula Modersohn-becker,,
Roses et jasmin dans un va... de Pierre-Auguste Renoir,Pierre-auguste Renoir,Impressionnisme,XIXe siècle
Colline en Provence de Paul Cézanne,Paul Cézanne,Post-impressionnisme,XIXe siècle
l'Hermitage Pontoise de Camille Pissarro,Camille Pissarro,Impressionnisme,XIXe siècle
Grenade et Morpho bleu de Anna Maria Sibylla Merian,Anna Maria Sibylla Merian,,
Gare Saint-Lazare de Claude Monet,Claude Monet,Impressionnisme,XIXe siècle
Le bruit de la rue pénètre... de Umberto Boccioni,Umberto Boccioni,,
Au bon vieux temps de John Atkinson Grimshaw,John Atkinson Grimshaw,,
"Vlad Tepes, surnommé Dracu... de Anonyme",Anonyme,,
Chrysanthèmes de Katsushika Hokusai,Katsushika Hokusai,,
"Ange en devenir, 1934, 204... de Paul Klee",Paul Klee,Abstraction,XXe siècle
Vue dans la floraison de l... de Wilhelm Ahlborn,Wilhelm Ahlborn,,
nature morte de Vincent van Gogh,Vincent Van Gogh,Post-impressionnisme,XIXe siècle
Le jardin de Daubigny de Vincent van Gogh,Vincent Van Gogh,Post-impressionnisme,XIXe siècle
Verts épis de blé taillés de Vincent van Gogh,Vincent Van Gogh,Post-impressionnisme,XIXe siècle
Promenade parmi les fleurs de August Macke,August Macke,,
Cerise / Redouté de Pierre Joseph Redouté,Pierre Joseph Redouté,,
Le bateau-atelier de l'art... de Claude Monet,Claude Monet,Impressionnisme,XIXe siècle
Le pont Singel près de la ... de Georg Hendrik Breitner,Georg Hendrik Breitner,,
Forêt amazonienne de Max Zaeper,Max Zaeper,,
Jardin de devant en fleurs de Peder Mønsted,Peder Mønsted,,
Dame avec ombrelle dans un... de Iwan Iwanowitsch Schischkin,Iwan Iwanowitsch Schischkin,,
À cheval sur la plage de Frank P. Stonelake,Frank P. Stonelake,,
Paysage près d'Arles de Paul Gauguin,Paul Gauguin,Post-impressionnisme,XIXe siècle
Enfer de Jérôme Bosch,Jérôme Bosch,,
Nu dans un intérieur de Pierre Bonnard,Pierre Bonnard,,
Lys de la Madone / Redouté de Pierre Joseph Redouté,Pierre Joseph Redouté,,
Une dispute hors du tribun... de Honoré Daumier,Honoré Daumier,,
C. Spitzweg / Couple d'amo... de Carl Spitzweg,Carl Spitzweg,,
Marine Solitude de Anton Melbye,Anton Melbye,,
Caprice romain de Giovanni Paolo Pannini,Giovanni Paolo Pannini,,
Hiver de Giuseppe Arcimboldo,Giuseppe Arcimboldo,,
Ange musicien avec violon de Melozzo da Forli,Melozzo Da Forli,,
"Rüdesheim, vue sur le de William Turner",William Turner,Romantisme,XIXe siècle
La Belle Dame Sans Merci (... de John William Waterhouse,John William Waterhouse,,
Granátové jablko de de Senlis Seraphine,De Senlis Seraphine,,
La Danse à la Campagne de Pierre-Auguste Renoir,Pierre-auguste Renoir,Impressionnisme,XIXe siècle
tête d'étude d'une personn... de Rembrandt Harmenszoon van Rijn,Rembrandt Harmenszoon Van Rijn,,
Féminisme (Affiche) de Artiste inconnu,Artiste Inconnu,,
Vue sur Arles de Vincent van Gogh,Vincent Van Gogh,Post-impressionnisme,XIXe siècle
Peinture rupestre d'un tau... de Préhistorique,Préhistorique,,
Douceur de ne rien faire de John William Godward,John William Godward,,
Les Grandes Baigneuses  de Pierre-Auguste Renoir,Pierre-auguste Renoir,Impressionnisme,XIXe siècle
Garçon sur une plage de Henry Scott Tuke,Henry Scott Tuke,,
Samson et Dalila de Max Liebermann,Max Liebermann,,
Le chemin d'Emmaüs / Fritz... de Fritz von Uhde,Fritz Von Uhde,,
A.v.Humboldt et A.Bonpland de Weitsch,Weitsch,,
Vallée de Sertig en automn... de Ernst Ludwig Kirchner,Ernst Ludwig Kirchner,,
Segment bleu de Vassily Kandinsky,Vassily Kandinsky,,
Rose de Damas de Pierre Joseph Redouté,Pierre Joseph Redouté,,
La mer à Cagnes de Pierre-Auguste Renoir,Pierre-auguste Renoir,Impressionnisme,XIXe siècle
Ferme en Provence de Vincent van Gogh,Vincent Van Gogh,Post-impressionnisme,XIXe siècle
La Bataille de Texel de Louis Gabriel Eugène Isabey,Louis Gabriel Eugène Isabey,,
Prune de Pierre Joseph Redouté,Pierre Joseph Redouté,,
Bain pompéien de Niccolo Cecconi,Niccolo Cecconi,,
L'absinthe de Edgar Degas,Edgar Degas,Impressionnisme,XIXe siècle
La prière de Jean-Léon Gérome,Jean-léon Gérome,,
Manuscrit autographe Canta... de Johann Sebastian Bach,Johann Sebastian Bach,,
château Alnwick de William Turner,William Turner,Romantisme,XIXe siècle
Nature morte avec perroque... de Jan Davidsz de Heem,Heem,,
Nu féminin allongé de Edvard Munch,Edvard Munch,Expressionnisme,XIXe-XXe siècle
Aconit de Paula Modersohn-Becker,Paula Modersohn-becker,,
Aube après une tempête de William Lionel Wyllie,William Lionel Wyllie,,
Madone et Enfant de Il (Giovanni Battista Salvi) Sassoferrato,Il (giovanni Battista Salvi) Sassoferrato,,
La Mort de Bouddha de Odilon Redon,Odilon Redon,Symbolisme,XIXe-XXe siècle
Johannes Brahms de Mille zu Aichenholz,Mille Zu Aichenholz,,
La lutte de Jacob avec l'a... de Rembrandt Harmenszoon van Rijn,Rembrandt Harmenszoon Van Rijn,,
Aurore (Apollon suit l'Aur... de Guido Reni,Guido Reni,,
"Coin douillet, de la série... de Carl Larsson",Carl Larsson,,
"Rembrandt, Le Cavalier pol... de Rembrandt Harmenszoon van Rijn",Rembrandt Harmenszoon Van Rijn,,
Combat entre la frégate fr... de Pierre Julien Gilbert,Pierre Julien Gilbert,,
Rose de Damas / Redouté 18... de Pierre Joseph Redouté,Pierre Joseph Redouté,,
Maisons à Munich de Vassily Kandinsky,Vassily Kandinsky,,
L'enfant avec un château d... de Pierre Bonnard,Pierre Bonnard,,
Étude d'une main de John Singer Sargent,John Singer Sargent,Réalisme,XIXe-XXe siècle
Enfant avec poupée de Christian Leberecht Vogel,Christian Leberecht Vogel,,
Étude d'un lys de Albrecht Dürer,Albrecht Dürer,Renaissance,XVe-XVIe siècle
Autoportrait de Egon Schiele,Egon Schiele,Expressionnisme,XXe siècle
Les Dulle Griet (les Grete... de Pieter Brueghel l'Ancien,Pieter Brueghel L'ancien,,
Les deux rayés de Vassily Kandinsky,Vassily Kandinsky,,
Le Vent de Felix Vallotton,Felix Vallotton,,
Liseron (Ipomoea) de Pierre Joseph Redouté,Pierre Joseph Redouté,,
Garçons se baignant. Solei... de Peter Severin Kroyer,Peter Severin Kroyer,,
Affiche publicitaire pour ... de Henri de Toulouse-Lautrec,Toulouse-lautrec,,
"la voyante de Michelangelo Caravaggio, dit le Caravage","Michelangelo Caravaggio, Dit Le Caravage",,
Le jardin ouvert du sanctu... de Ando oder Utagawa Hiroshige,Ando Oder Utagawa Hiroshige,,
Petite maison au soleil de Piet Mondrian,Piet Mondrian,Abstraction,XXe siècle
"La pivoine odorante, Peony... de Pierre Joseph Redouté",Pierre Joseph Redouté,,
Nuit au lac Ilmen. Décor p... de Ivan Jakovlevich Bilibin,Ivan Jakovlevich Bilibin,,
Station Yoshiwara. De la s... de Ando oder Utagawa Hiroshige,Ando Oder Utagawa Hiroshige,,
Iris à Horikiri (Cent vues... de Ando oder Utagawa Hiroshige,Ando Oder Utagawa Hiroshige,,
Sur les ailes des anges de Wilhelm List,Wilhelm List,,
La Voix (Nuit d'été) de Edvard Munch,Edvard Munch,Expressionnisme,XIXe-XXe siècle
